{
    "type": "FeatureCollection",
    "name": "points_navs",
    "crs": { "type": "name", "properties": { "name": "urn:ogc:def:crs:OGC:1.3:CRS84" } },
    "features": [
    { "type": "Feature", "properties": { "fid": 1.0, "Name": "Fire Escape Stair", "height": 0.0, "use": "Stair", "level": 0.0, "base_heigh": 0.0, "color": "grey", "names": null, "block": null }, "geometry": { "type": "Point", "coordinates": [ 36.963043927003945, -0.399311573668136 ] } },
    { "type": "Feature", "properties": { "fid": 2.0, "Name": "Gents Toilet", "height": 0.0, "use": "Toilet", "level": 0.0, "base_heigh": 0.0, "color": "blue", "names": null, "block": null }, "geometry": { "type": "Point", "coordinates": [ 36.963038691641565, -0.398949024465294 ] } },
    { "type": "Feature", "properties": { "fid": 3.0, "Name": "Fire Escape Stair", "height": 0.0, "use": "Stair", "level": 0.0, "base_heigh": 0.0, "color": "grey", "names": null, "block": null }, "geometry": { "type": "Point", "coordinates": [ 36.962749713335455, -0.399268023833845 ] } },
    { "type": "Feature", "properties": { "fid": 4.0, "Name": "Fire Escape Stair", "height": 0.0, "use": "Stair", "level": 0.0, "base_heigh": 0.0, "color": "grey", "names": null, "block": null }, "geometry": { "type": "Point", "coordinates": [ 36.962879430772702, -0.398971813912473 ] } },
    { "type": "Feature", "properties": { "fid": 5.0, "Name": "Store", "height": 0.0, "use": "Store", "level": 0.0, "base_heigh": 0.0, "color": "grey", "names": null, "block": null }, "geometry": { "type": "Point", "coordinates": [ 36.963025839054112, -0.398948575088533 ] } },
    { "type": "Feature", "properties": { "fid": 6.0, "Name": "Ladies Toilet", "height": 0.0, "use": "Toilet", "level": 0.0, "base_heigh": 0.0, "color": "grey", "names": null, "block": null }, "geometry": { "type": "Point", "coordinates": [ 36.962619250302524, -0.399292034362262 ] } },
    { "type": "Feature", "properties": { "fid": 7.0, "Name": "Lecture Room", "height": 0.0, "use": "Lecture Hall", "level": 0.0, "base_heigh": 0.0, "color": "grey", "names": null, "block": null }, "geometry": { "type": "Point", "coordinates": [ 36.96264717052663, -0.399303430161019 ] } },
    { "type": "Feature", "properties": { "fid": 8.0, "Name": "Gents Toilet", "height": 0.0, "use": "Toilet", "level": 0.0, "base_heigh": 0.0, "color": "grey", "names": null, "block": null }, "geometry": { "type": "Point", "coordinates": [ 36.962590339954708, -0.399290761721239 ] } },
    { "type": "Feature", "properties": { "fid": 9.0, "Name": "Store", "height": 0.0, "use": "Store", "level": 0.0, "base_heigh": 0.0, "color": "grey", "names": null, "block": null }, "geometry": { "type": "Point", "coordinates": [ 36.962602011915493, -0.399290945409421 ] } },
    { "type": "Feature", "properties": { "fid": 10.0, "Name": "COD School of Engineering", "height": 0.0, "use": "Office", "level": 0.0, "base_heigh": 0.0, "color": "grey", "names": null, "block": null }, "geometry": { "type": "Point", "coordinates": [ 36.962965277983052, -0.398911527678375 ] } },
    { "type": "Feature", "properties": { "fid": 11.0, "Name": "COD School of Engineering", "height": 0.0, "use": "Office", "level": 0.0, "base_heigh": 0.0, "color": "grey", "names": null, "block": null }, "geometry": { "type": "Point", "coordinates": [ 36.962965578642098, -0.398890408925224 ] } },
    { "type": "Feature", "properties": { "fid": 12.0, "Name": "Ladies Toilet", "height": 0.0, "use": "Toilet", "level": 0.0, "base_heigh": 0.0, "color": "grey", "names": null, "block": null }, "geometry": { "type": "Point", "coordinates": [ 36.963000429343836, -0.398947676408637 ] } },
    { "type": "Feature", "properties": { "fid": 13.0, "Name": "Office", "height": 0.0, "use": "Office", "level": 0.0, "base_heigh": 0.0, "color": "grey", "names": null, "block": null }, "geometry": { "type": "Point", "coordinates": [ 36.962767090514113, -0.398875810011344 ] } },
    { "type": "Feature", "properties": { "fid": 14.0, "Name": "Hall 7", "height": 0.0, "use": "Lecture Theatre", "level": 0.0, "base_heigh": 0.0, "color": "grey", "names": null, "block": null }, "geometry": { "type": "Point", "coordinates": [ 36.962564293521581, -0.399017175754684 ] } },
    { "type": "Feature", "properties": { "fid": 15.0, "Name": "Disabled Toilet", "height": 0.0, "use": "Toilet", "level": 0.0, "base_heigh": 0.0, "color": "grey", "names": null, "block": null }, "geometry": { "type": "Point", "coordinates": [ 36.962719085825043, -0.398863588345368 ] } },
    { "type": "Feature", "properties": { "fid": 16.0, "Name": "Secretary School of Engineering", "height": 0.0, "use": "Office", "level": 0.0, "base_heigh": 0.0, "color": "red", "names": null, "block": null }, "geometry": { "type": "Point", "coordinates": [ 36.962790325894872, -0.398918295380938 ] } },
    { "type": "Feature", "properties": { "fid": 17.0, "Name": "Office", "height": 0.0, "use": "Office", "level": 0.0, "base_heigh": 0.0, "color": "grey", "names": null, "block": null }, "geometry": { "type": "Point", "coordinates": [ 36.962760765264896, -0.398910148211669 ] } },
    { "type": "Feature", "properties": { "fid": 18.0, "Name": "Office", "height": 0.0, "use": "Office", "level": 0.0, "base_heigh": 0.0, "color": "grey", "names": null, "block": null }, "geometry": { "type": "Point", "coordinates": [ 36.962761020440006, -0.398899973526484 ] } },
    { "type": "Feature", "properties": { "fid": 19.0, "Name": "Dry Store", "height": 0.0, "use": "Store", "level": 0.0, "base_heigh": 0.0, "color": "grey", "names": null, "block": null }, "geometry": { "type": "Point", "coordinates": [ 36.962634032397112, -0.399058838190711 ] } },
    { "type": "Feature", "properties": { "fid": 20.0, "Name": "Laboratory Store", "height": 0.0, "use": "Lab\/Store", "level": 0.0, "base_heigh": 0.0, "color": "grey", "names": null, "block": null }, "geometry": { "type": "Point", "coordinates": [ 36.962647304241116, -0.399125005183115 ] } },
    { "type": "Feature", "properties": { "fid": 21.0, "Name": "Laboratory", "height": 4.0, "use": "Laboratory", "level": 0.0, "base_heigh": 3.0, "color": "grey", "names": null, "block": null }, "geometry": { "type": "Point", "coordinates": [ 36.962646398495743, -0.399157092535155 ] } },
    { "type": "Feature", "properties": { "fid": 22.0, "Name": "B2", "height": 0.0, "use": "Lecture Hall", "level": 0.0, "base_heigh": 0.0, "color": "grey", "names": null, "block": null }, "geometry": { "type": "Point", "coordinates": [ 36.962970301764045, -0.399318876687972 ] } },
    { "type": "Feature", "properties": { "fid": 23.0, "Name": "Gents Toilet", "height": 0.0, "use": "Toilet", "level": 0.0, "base_heigh": 0.0, "color": "grey", "names": null, "block": null }, "geometry": { "type": "Point", "coordinates": [ 36.963016093930968, -0.399310843622156 ] } },
    { "type": "Feature", "properties": { "fid": 24.0, "Name": "B1", "height": 0.0, "use": "Lecture Hall", "level": 0.0, "base_heigh": 0.0, "color": "grey", "names": null, "block": null }, "geometry": { "type": "Point", "coordinates": [ 36.962979453500687, -0.399173201118706 ] } },
    { "type": "Feature", "properties": { "fid": 25.0, "Name": "Ladies Toilet", "height": 0.0, "use": "Toilet", "level": 0.0, "base_heigh": 0.0, "color": "grey", "names": null, "block": null }, "geometry": { "type": "Point", "coordinates": [ 36.963004601625514, -0.399310298428941 ] } },
    { "type": "Feature", "properties": { "fid": 26.0, "Name": "Examination Room SOE", "height": 0.0, "use": "Office", "level": 0.0, "base_heigh": 0.0, "color": "grey", "names": null, "block": null }, "geometry": { "type": "Point", "coordinates": [ 36.962979997276392, -0.399141567865278 ] } },
    { "type": "Feature", "properties": { "fid": 27.0, "Name": "Communication Lab", "height": 0.0, "use": "Laboratory", "level": 0.0, "base_heigh": 0.0, "color": "grey", "names": null, "block": null }, "geometry": { "type": "Point", "coordinates": [ 36.962993499701497, -0.398996556761854 ] } },
    { "type": "Feature", "properties": { "fid": 28.0, "Name": "Post Graduate Electrical Engineering Department", "height": 0.0, "use": "Lecture Hall", "level": 0.0, "base_heigh": 0.0, "color": "grey", "names": null, "block": null }, "geometry": { "type": "Point", "coordinates": [ 36.963023243496835, -0.398990217202551 ] } },
    { "type": "Feature", "properties": { "fid": 29.0, "Name": "EEE Department", "height": 0.0, "use": "Office", "level": 0.0, "base_heigh": 0.0, "color": "grey", "names": null, "block": null }, "geometry": { "type": "Point", "coordinates": [ 36.96302189954487, -0.399048591095025 ] } },
    { "type": "Feature", "properties": { "fid": 30.0, "Name": "Technology Education Members", "height": 0.0, "use": "Seminar Room", "level": 0.0, "base_heigh": 0.0, "color": "grey", "names": null, "block": null }, "geometry": { "type": "Point", "coordinates": [ 36.963017371233718, -0.399228320094408 ] } },
    { "type": "Feature", "properties": { "fid": 31.0, "Name": "Director GETRI", "height": 0.0, "use": "Office", "level": 0.0, "base_heigh": 0.0, "color": "grey", "names": null, "block": null }, "geometry": { "type": "Point", "coordinates": [ 36.963017554229666, -0.399214400455114 ] } },
    { "type": "Feature", "properties": { "fid": 32.0, "Name": "Generator Room", "height": 0.0, "use": "Generator Room", "level": 0.0, "base_heigh": 0.0, "color": "grey", "names": null, "block": null }, "geometry": { "type": "Point", "coordinates": [ 36.962515686715165, -0.399136113431553 ] } },
    { "type": "Feature", "properties": { "fid": 33.0, "Name": "COD School of Engineering", "height": 0.0, "use": "Office", "level": 0.0, "base_heigh": 0.0, "color": "grey", "names": null, "block": null }, "geometry": { "type": "Point", "coordinates": [ 36.962864833176205, -0.398872517268545 ] } },
    { "type": "Feature", "properties": { "fid": 34.0, "Name": "Education Technology", "height": 0.0, "use": "Office", "level": 0.0, "base_heigh": 0.0, "color": "grey", "names": null, "block": null }, "geometry": { "type": "Point", "coordinates": [ 36.9629310875765, -0.398872553430464 ] } },
    { "type": "Feature", "properties": { "fid": 35.0, "Name": "COD School of Engineering", "height": 0.0, "use": "Office", "level": 0.0, "base_heigh": 0.0, "color": "grey", "names": null, "block": null }, "geometry": { "type": "Point", "coordinates": [ 36.962942384219993, -0.398892336556973 ] } },
    { "type": "Feature", "properties": { "fid": 36.0, "Name": "COD School of Engineering", "height": 0.0, "use": "Office", "level": 0.0, "base_heigh": 0.0, "color": "grey", "names": null, "block": null }, "geometry": { "type": "Point", "coordinates": [ 36.96294193780426, -0.398905424169964 ] } },
    { "type": "Feature", "properties": { "fid": 37.0, "Name": "Mechatronic Engineering", "height": 0.0, "use": "Office", "level": 0.0, "base_heigh": 0.0, "color": "grey", "names": null, "block": null }, "geometry": { "type": "Point", "coordinates": [ 36.962902570773927, -0.398890839390458 ] } },
    { "type": "Feature", "properties": { "fid": 38.0, "Name": "COD School of Engineering", "height": 0.0, "use": "Office", "level": 0.0, "base_heigh": 0.0, "color": "grey", "names": null, "block": null }, "geometry": { "type": "Point", "coordinates": [ 36.962901976699186, -0.398903629518042 ] } },
    { "type": "Feature", "properties": { "fid": 39.0, "Name": "Mechanical Engineering", "height": 0.0, "use": "Office", "level": 0.0, "base_heigh": 0.0, "color": "grey", "names": null, "block": null }, "geometry": { "type": "Point", "coordinates": [ 36.962878929497883, -0.398907639323906 ] } },
    { "type": "Feature", "properties": { "fid": 40.0, "Name": "Kitchen", "height": 0.0, "use": "Kictchen", "level": 0.0, "base_heigh": 0.0, "color": "grey", "names": null, "block": null }, "geometry": { "type": "Point", "coordinates": [ 36.962664195014149, -0.399079273299257 ] } },
    { "type": "Feature", "properties": { "fid": 41.0, "Name": "Office", "height": 0.0, "use": "Office", "level": 0.0, "base_heigh": 0.0, "color": "grey", "names": null, "block": null }, "geometry": { "type": "Point", "coordinates": [ 36.962606978581178, -0.399175160208449 ] } },
    { "type": "Feature", "properties": { "fid": 42.0, "Name": "Gents Toilet", "height": 0.0, "use": "Toilet", "level": 0.0, "base_heigh": 0.0, "color": "grey", "names": null, "block": null }, "geometry": { "type": "Point", "coordinates": [ 36.962602318457201, -0.399139907904657 ] } },
    { "type": "Feature", "properties": { "fid": 43.0, "Name": "Store", "height": 0.0, "use": "Store", "level": 0.0, "base_heigh": 0.0, "color": "grey", "names": null, "block": null }, "geometry": { "type": "Point", "coordinates": [ 36.962649833384319, -0.399063361509153 ] } },
    { "type": "Feature", "properties": { "fid": 44.0, "Name": "Chef Till", "height": 0.0, "use": "Kitchen", "level": 0.0, "base_heigh": 0.0, "color": "grey", "names": null, "block": null }, "geometry": { "type": "Point", "coordinates": [ 36.962700657640312, -0.399038427223283 ] } },
    { "type": "Feature", "properties": { "fid": 45.0, "Name": "Store", "height": 0.0, "use": "Store", "level": 0.0, "base_heigh": 0.0, "color": "grey", "names": null, "block": null }, "geometry": { "type": "Point", "coordinates": [ 36.962632979515192, -0.398959140468235 ] } },
    { "type": "Feature", "properties": { "fid": 46.0, "Name": "Cold Store", "height": 0.0, "use": "Store", "level": 0.0, "base_heigh": 0.0, "color": "grey", "names": null, "block": null }, "geometry": { "type": "Point", "coordinates": [ 36.96263242041092, -0.399042025705659 ] } },
    { "type": "Feature", "properties": { "fid": 47.0, "Name": "Ladies Toilet", "height": 0.0, "use": "Toilet", "level": 0.0, "base_heigh": 0.0, "color": "grey", "names": null, "block": null }, "geometry": { "type": "Point", "coordinates": [ 36.962598014890254, -0.39911514064475 ] } },
    { "type": "Feature", "properties": { "fid": 48.0, "Name": "B2", "height": null, "use": "Lecture Hall", "level": 0.0, "base_heigh": null, "color": null, "names": null, "block": null }, "geometry": { "type": "Point", "coordinates": [ 36.962851338450804, -0.39931324297111 ] } },
    { "type": "Feature", "properties": { "fid": 49.0, "Name": "Lecture Room", "height": null, "use": "Lecture Hall", "level": 0.0, "base_heigh": null, "color": null, "names": null, "block": null }, "geometry": { "type": "Point", "coordinates": [ 36.962764966757334, -0.399308521262829 ] } },
    { "type": "Feature", "properties": { "fid": 50.0, "Name": "Laboratory", "height": null, "use": "Laboratory", "level": 0.0, "base_heigh": null, "color": null, "names": null, "block": null }, "geometry": { "type": "Point", "coordinates": [ 36.962644221588427, -0.399246756435228 ] } },
    { "type": "Feature", "properties": { "fid": 51.0, "Name": "B1", "height": null, "use": "Lecture Hall", "level": 0.0, "base_heigh": null, "color": null, "names": null, "block": null }, "geometry": { "type": "Point", "coordinates": [ 36.962977287790949, -0.399261558232228 ] } },
    { "type": "Feature", "properties": { "fid": 52.0, "Name": "Communication Lab", "height": null, "use": "Laboratory", "level": 0.0, "base_heigh": null, "color": null, "names": null, "block": null }, "geometry": { "type": "Point", "coordinates": [ 36.962990934434146, -0.399110452616799 ] } },
    { "type": "Feature", "properties": { "fid": 53.0, "Name": "EEE Department", "height": null, "use": "Office", "level": 0.0, "base_heigh": null, "color": null, "names": null, "block": null }, "geometry": { "type": "Point", "coordinates": [ 36.963019436966562, -0.399150169072919 ] } },
    { "type": "Feature", "properties": { "fid": 54.0, "Name": "Right Entry", "height": null, "use": "Door", "level": 0.0, "base_heigh": null, "color": null, "names": null, "block": null }, "geometry": { "type": "Point", "coordinates": [ 36.96259440996667, -0.398942566996292 ] } },
    { "type": "Feature", "properties": { "fid": 55.0, "Name": "Corridor Point 1", "height": null, "use": "Corridor Point", "level": 0.0, "base_heigh": null, "color": null, "names": null, "block": null }, "geometry": { "type": "Point", "coordinates": [ 36.96263241370692, -0.398943981915781 ] } },
    { "type": "Feature", "properties": { "fid": 56.0, "Name": "Corridor Point 2", "height": null, "use": "Corridor Point", "level": 0.0, "base_heigh": null, "color": null, "names": null, "block": null }, "geometry": { "type": "Point", "coordinates": [ 36.96266785806597, -0.398945083876323 ] } },
    { "type": "Feature", "properties": { "fid": 57.0, "Name": "Corridor Point 3", "height": null, "use": "Corridor Point", "level": 0.0, "base_heigh": null, "color": null, "names": null, "block": null }, "geometry": { "type": "Point", "coordinates": [ 36.962668779902494, -0.398981157139973 ] } },
    { "type": "Feature", "properties": { "fid": 58.0, "Name": "Corridor Point 4", "height": null, "use": "Corridor Point", "level": 0.0, "base_heigh": null, "color": null, "names": null, "block": null }, "geometry": { "type": "Point", "coordinates": [ 36.962647984117652, -0.399021285155504 ] } },
    { "type": "Feature", "properties": { "fid": 59.0, "Name": "Corridor Point 5", "height": null, "use": "Corridor Point", "level": 0.0, "base_heigh": null, "color": null, "names": null, "block": null }, "geometry": { "type": "Point", "coordinates": [ 36.962703690165007, -0.398946420173924 ] } },
    { "type": "Feature", "properties": { "fid": 60.0, "Name": "Corridor Point 6", "height": null, "use": "Corridor Point", "level": 0.0, "base_heigh": null, "color": null, "names": null, "block": null }, "geometry": { "type": "Point", "coordinates": [ 36.962704473845982, -0.398913548621369 ] } },
    { "type": "Feature", "properties": { "fid": 61.0, "Name": "Corridor Point 7", "height": null, "use": "Corridor Point", "level": 0.0, "base_heigh": null, "color": null, "names": null, "block": null }, "geometry": { "type": "Point", "coordinates": [ 36.962713935934673, -0.398914175621844 ] } },
    { "type": "Feature", "properties": { "fid": 62.0, "Name": "Corridor Point 8", "height": null, "use": "Corridor Point", "level": 0.0, "base_heigh": null, "color": null, "names": null, "block": null }, "geometry": { "type": "Point", "coordinates": [ 36.962714406515545, -0.398892937935135 ] } },
    { "type": "Feature", "properties": { "fid": 63.0, "Name": "Corridor Point 9", "height": null, "use": "Corridor Point", "level": 0.0, "base_heigh": null, "color": null, "names": null, "block": null }, "geometry": { "type": "Point", "coordinates": [ 36.96269656797724, -0.398892465006679 ] } },
    { "type": "Feature", "properties": { "fid": 64.0, "Name": "Corridor Point 10", "height": null, "use": "Corridor Point", "level": 0.0, "base_heigh": null, "color": null, "names": null, "block": null }, "geometry": { "type": "Point", "coordinates": [ 36.962730603033911, -0.398947363846622 ] } },
    { "type": "Feature", "properties": { "fid": 65.0, "Name": "Corridor Point 11", "height": null, "use": "Corridor Point", "level": 0.0, "base_heigh": null, "color": null, "names": null, "block": null }, "geometry": { "type": "Point", "coordinates": [ 36.962761781745264, -0.398947996262276 ] } },
    { "type": "Feature", "properties": { "fid": 66.0, "Name": "Corridor Point 12", "height": null, "use": "Corridor Point", "level": 0.0, "base_heigh": null, "color": null, "names": null, "block": null }, "geometry": { "type": "Point", "coordinates": [ 36.96281855439576, -0.398951289785126 ] } },
    { "type": "Feature", "properties": { "fid": 67.0, "Name": "Corridor Point 13", "height": null, "use": "Corridor Point", "level": 0.0, "base_heigh": null, "color": null, "names": null, "block": null }, "geometry": { "type": "Point", "coordinates": [ 36.962847483810251, -0.398952233960397 ] } },
    { "type": "Feature", "properties": { "fid": 68.0, "Name": "Corridor Point 14", "height": null, "use": "Corridor Point", "level": 0.0, "base_heigh": null, "color": null, "names": null, "block": null }, "geometry": { "type": "Point", "coordinates": [ 36.962878972492462, -0.398953959575392 ] } },
    { "type": "Feature", "properties": { "fid": 69.0, "Name": "Corridor Point 15", "height": null, "use": "Corridor Point", "level": 0.0, "base_heigh": null, "color": null, "names": null, "block": null }, "geometry": { "type": "Point", "coordinates": [ 36.962922405280501, -0.398955844328752 ] } },
    { "type": "Feature", "properties": { "fid": 70.0, "Name": "Corridor Point 16", "height": null, "use": "Corridor Point", "level": 0.0, "base_heigh": null, "color": null, "names": null, "block": null }, "geometry": { "type": "Point", "coordinates": [ 36.962922031658849, -0.398898221068599 ] } },
    { "type": "Feature", "properties": { "fid": 71.0, "Name": "Corridor Point 17", "height": null, "use": "Corridor Point", "level": 0.0, "base_heigh": null, "color": null, "names": null, "block": null }, "geometry": { "type": "Point", "coordinates": [ 36.962921561078367, -0.39891945875809 ] } },
    { "type": "Feature", "properties": { "fid": 72.0, "Name": "Corridor Point 18", "height": null, "use": "Corridor Point", "level": 0.0, "base_heigh": null, "color": null, "names": null, "block": null }, "geometry": { "type": "Point", "coordinates": [ 36.962953583841966, -0.398957101385253 ] } },
    { "type": "Feature", "properties": { "fid": 73.0, "Name": "Corridor Point 19", "height": null, "use": "Corridor Point", "level": 0.0, "base_heigh": null, "color": null, "names": null, "block": null }, "geometry": { "type": "Point", "coordinates": [ 36.962979488212724, -0.398958981768112 ] } },
    { "type": "Feature", "properties": { "fid": 74.0, "Name": "Corridor Point 20", "height": null, "use": "Corridor Point", "level": 0.0, "base_heigh": null, "color": null, "names": null, "block": null }, "geometry": { "type": "Point", "coordinates": [ 36.963001204838477, -0.398958987182609 ] } },
    { "type": "Feature", "properties": { "fid": 75.0, "Name": "Corridor Point 21", "height": null, "use": "Corridor Point", "level": 0.0, "base_heigh": null, "color": null, "names": null, "block": null }, "geometry": { "type": "Point", "coordinates": [ 36.963009499120282, -0.398977572332532 ] } },
    { "type": "Feature", "properties": { "fid": 76.0, "Name": "Corridor Point 22", "height": null, "use": "Corridor Point", "level": 0.0, "base_heigh": null, "color": null, "names": null, "block": null }, "geometry": { "type": "Point", "coordinates": [ 36.963026100284999, -0.398963522039869 ] } },
    { "type": "Feature", "properties": { "fid": 77.0, "Name": "Corridor Point 23", "height": null, "use": "Corridor Point", "level": 0.0, "base_heigh": null, "color": null, "names": null, "block": null }, "geometry": { "type": "Point", "coordinates": [ 36.96303897518046, -0.398963369089507 ] } },
    { "type": "Feature", "properties": { "fid": 78.0, "Name": "Left Entry", "height": null, "use": "Door", "level": 0.0, "base_heigh": null, "color": null, "names": null, "block": null }, "geometry": { "type": "Point", "coordinates": [ 36.963058907595524, -0.398964779502285 ] } },
    { "type": "Feature", "properties": { "fid": 79.0, "Name": "Corridor Point 24", "height": null, "use": "Corridor Point", "level": 0.0, "base_heigh": null, "color": null, "names": null, "block": null }, "geometry": { "type": "Point", "coordinates": [ 36.963009574144003, -0.398987878934506 ] } },
    { "type": "Feature", "properties": { "fid": 80.0, "Name": "Corridor Point 25", "height": null, "use": "Corridor Point", "level": 0.0, "base_heigh": null, "color": null, "names": null, "block": null }, "geometry": { "type": "Point", "coordinates": [ 36.963008641279941, -0.39899662368165 ] } },
    { "type": "Feature", "properties": { "fid": 81.0, "Name": "Corridor Point 26", "height": null, "use": "Corridor Point", "level": 0.0, "base_heigh": null, "color": null, "names": null, "block": null }, "geometry": { "type": "Point", "coordinates": [ 36.963008481800387, -0.399014347841898 ] } },
    { "type": "Feature", "properties": { "fid": 82.0, "Name": "Corridor Point 27", "height": null, "use": "Corridor Point", "level": 0.0, "base_heigh": null, "color": null, "names": null, "block": null }, "geometry": { "type": "Point", "coordinates": [ 36.963008168373797, -0.399027309073019 ] } },
    { "type": "Feature", "properties": { "fid": 83.0, "Name": "Corridor Point 28", "height": null, "use": "Corridor Point", "level": 0.0, "base_heigh": null, "color": null, "names": null, "block": null }, "geometry": { "type": "Point", "coordinates": [ 36.96300738790012, -0.399047141243145 ] } },
    { "type": "Feature", "properties": { "fid": 84.0, "Name": "Corridor Point 29", "height": null, "use": "Corridor Point", "level": 0.0, "base_heigh": null, "color": null, "names": null, "block": null }, "geometry": { "type": "Point", "coordinates": [ 36.963006918124847, -0.39906509956653 ] } },
    { "type": "Feature", "properties": { "fid": 85.0, "Name": "Corridor Point 30", "height": null, "use": "Corridor Point", "level": 0.0, "base_heigh": null, "color": null, "names": null, "block": null }, "geometry": { "type": "Point", "coordinates": [ 36.963006915127508, -0.399077280073255 ] } },
    { "type": "Feature", "properties": { "fid": 86.0, "Name": "Corridor Point 31", "height": null, "use": "Corridor Point", "level": 0.0, "base_heigh": null, "color": null, "names": null, "block": null }, "geometry": { "type": "Point", "coordinates": [ 36.963006912130069, -0.399089460579997 ] } },
    { "type": "Feature", "properties": { "fid": 87.0, "Name": "Corridor Point 32", "height": null, "use": "Corridor Point", "level": 0.0, "base_heigh": null, "color": null, "names": null, "block": null }, "geometry": { "type": "Point", "coordinates": [ 36.963006441643351, -0.39911030786969 ] } },
    { "type": "Feature", "properties": { "fid": 88.0, "Name": "Corridor Point 33", "height": null, "use": "Corridor Point", "level": 0.0, "base_heigh": null, "color": null, "names": null, "block": null }, "geometry": { "type": "Point", "coordinates": [ 36.9630058166141, -0.399128812715551 ] } },
    { "type": "Feature", "properties": { "fid": 89.0, "Name": "Corridor Point 34", "height": null, "use": "Corridor Point", "level": 0.0, "base_heigh": null, "color": null, "names": null, "block": null }, "geometry": { "type": "Point", "coordinates": [ 36.963005193141228, -0.399140993067496 ] } },
    { "type": "Feature", "properties": { "fid": 90.0, "Name": "Corridor Point 35", "height": null, "use": "Corridor Point", "level": 0.0, "base_heigh": null, "color": null, "names": null, "block": null }, "geometry": { "type": "Point", "coordinates": [ 36.963004725498081, -0.399150284491817 ] } },
    { "type": "Feature", "properties": { "fid": 91.0, "Name": "Corridor Point 36", "height": null, "use": "Corridor Point", "level": 0.0, "base_heigh": null, "color": null, "names": null, "block": null }, "geometry": { "type": "Point", "coordinates": [ 36.963003633958969, -0.399173474031806 ] } },
    { "type": "Feature", "properties": { "fid": 92.0, "Name": "Corridor Point 37", "height": null, "use": "Corridor Point", "level": 0.0, "base_heigh": null, "color": null, "names": null, "block": null }, "geometry": { "type": "Point", "coordinates": [ 36.963003628404607, -0.399196039201289 ] } },
    { "type": "Feature", "properties": { "fid": 93.0, "Name": "Corridor Point 38", "height": null, "use": "Corridor Point", "level": 0.0, "base_heigh": null, "color": null, "names": null, "block": null }, "geometry": { "type": "Point", "coordinates": [ 36.96300300356657, -0.399213763245354 ] } },
    { "type": "Feature", "properties": { "fid": 94.0, "Name": "Corridor Point 39", "height": null, "use": "Corridor Point", "level": 0.0, "base_heigh": null, "color": null, "names": null, "block": null }, "geometry": { "type": "Point", "coordinates": [ 36.963002379631739, -0.399227817521378 ] } },
    { "type": "Feature", "properties": { "fid": 95.0, "Name": "Corridor Point 40", "height": null, "use": "Corridor Point", "level": 0.0, "base_heigh": null, "color": null, "names": null, "block": null }, "geometry": { "type": "Point", "coordinates": [ 36.9630011340492, -0.399246634532999 ] } },
    { "type": "Feature", "properties": { "fid": 96.0, "Name": "Corridor Point 41", "height": null, "use": "Corridor Point", "level": 0.0, "base_heigh": null, "color": null, "names": null, "block": null }, "geometry": { "type": "Point", "coordinates": [ 36.963001905740811, -0.399262485001254 ] } },
    { "type": "Feature", "properties": { "fid": 97.0, "Name": "Corridor Point 42", "height": null, "use": "Corridor Point", "level": 0.0, "base_heigh": null, "color": null, "names": null, "block": null }, "geometry": { "type": "Point", "coordinates": [ 36.96300221169151, -0.399279896956821 ] } },
    { "type": "Feature", "properties": { "fid": 98.0, "Name": "Corridor Point 43", "height": null, "use": "Corridor Point", "level": 0.0, "base_heigh": null, "color": null, "names": null, "block": null }, "geometry": { "type": "Point", "coordinates": [ 36.963001432214405, -0.399295668957851 ] } },
    { "type": "Feature", "properties": { "fid": 99.0, "Name": "Corridor Point 44", "height": null, "use": "Corridor Point", "level": 0.0, "base_heigh": null, "color": null, "names": null, "block": null }, "geometry": { "type": "Point", "coordinates": [ 36.963012600688458, -0.399295984065465 ] } },
    { "type": "Feature", "properties": { "fid": 100.0, "Name": "Corridor Point 45", "height": null, "use": "Corridor Point", "level": 0.0, "base_heigh": null, "color": null, "names": null, "block": null }, "geometry": { "type": "Point", "coordinates": [ 36.963027957292361, -0.399296612538849 ] } },
    { "type": "Feature", "properties": { "fid": 101.0, "Name": "Corridor Point 46", "height": null, "use": "Corridor Point", "level": 0.0, "base_heigh": null, "color": null, "names": null, "block": null }, "geometry": { "type": "Point", "coordinates": [ 36.963043158739204, -0.399297397133847 ] } },
    { "type": "Feature", "properties": { "fid": 102.0, "Name": "Corridor Point 47", "height": null, "use": "Corridor Point", "level": 0.0, "base_heigh": null, "color": null, "names": null, "block": null }, "geometry": { "type": "Point", "coordinates": [ 36.962976070412239, -0.399295194148138 ] } },
    { "type": "Feature", "properties": { "fid": 103.0, "Name": "Corridor Point 48", "height": null, "use": "Corridor Point", "level": 0.0, "base_heigh": null, "color": null, "names": null, "block": null }, "geometry": { "type": "Point", "coordinates": [ 36.962945977680619, -0.39929393735606 ] } },
    { "type": "Feature", "properties": { "fid": 104.0, "Name": "Corridor Point 49", "height": null, "use": "Corridor Point", "level": 0.0, "base_heigh": null, "color": null, "names": null, "block": null }, "geometry": { "type": "Point", "coordinates": [ 36.962897426586927, -0.399289552750933 ] } },
    { "type": "Feature", "properties": { "fid": 105.0, "Name": "Corridor Point 50", "height": null, "use": "Corridor Point", "level": 0.0, "base_heigh": null, "color": null, "names": null, "block": null }, "geometry": { "type": "Point", "coordinates": [ 36.962871133843223, -0.399290014670734 ] } },
    { "type": "Feature", "properties": { "fid": 106.0, "Name": "Corridor Point 51", "height": null, "use": "Corridor Point", "level": 0.0, "base_heigh": null, "color": null, "names": null, "block": null }, "geometry": { "type": "Point", "coordinates": [ 36.962853140145228, -0.399289697859775 ] } },
    { "type": "Feature", "properties": { "fid": 107.0, "Name": "Corridor Point 52", "height": null, "use": "Corridor Point", "level": 0.0, "base_heigh": null, "color": null, "names": null, "block": null }, "geometry": { "type": "Point", "coordinates": [ 36.96281195688713, -0.399286564375786 ] } },
    { "type": "Feature", "properties": { "fid": 108.0, "Name": "Corridor Point 53", "height": null, "use": "Corridor Point", "level": 0.0, "base_heigh": null, "color": null, "names": null, "block": null }, "geometry": { "type": "Point", "coordinates": [ 36.962763404836274, -0.399286083778423 ] } },
    { "type": "Feature", "properties": { "fid": 109.0, "Name": "Corridor Point 54", "height": null, "use": "Corridor Point", "level": 0.0, "base_heigh": null, "color": null, "names": null, "block": null }, "geometry": { "type": "Point", "coordinates": [ 36.962724005369083, -0.399283263060064 ] } },
    { "type": "Feature", "properties": { "fid": 110.0, "Name": "Corridor Point 55", "height": null, "use": "Corridor Point", "level": 0.0, "base_heigh": null, "color": null, "names": null, "block": null }, "geometry": { "type": "Point", "coordinates": [ 36.962694765987578, -0.399281225678836 ] } },
    { "type": "Feature", "properties": { "fid": 111.0, "Name": "Corridor Point 56", "height": null, "use": "Corridor Point", "level": 0.0, "base_heigh": null, "color": null, "names": null, "block": null }, "geometry": { "type": "Point", "coordinates": [ 36.962668706271401, -0.399280282213344 ] } },
    { "type": "Feature", "properties": { "fid": 112.0, "Name": "Corridor Point 57", "height": null, "use": "Corridor Point", "level": 0.0, "base_heigh": null, "color": null, "names": null, "block": null }, "geometry": { "type": "Point", "coordinates": [ 36.96264761004732, -0.39928058926907 ] } },
    { "type": "Feature", "properties": { "fid": 113.0, "Name": "Corridor Point 58", "height": null, "use": "Corridor Point", "level": 0.0, "base_heigh": null, "color": null, "names": null, "block": null }, "geometry": { "type": "Point", "coordinates": [ 36.962620775622753, -0.399276053922888 ] } },
    { "type": "Feature", "properties": { "fid": 114.0, "Name": "Corridor Point 59", "height": null, "use": "Corridor Point", "level": 0.0, "base_heigh": null, "color": null, "names": null, "block": null }, "geometry": { "type": "Point", "coordinates": [ 36.962603867874044, -0.39927526890167 ] } },
    { "type": "Feature", "properties": { "fid": 115.0, "Name": "Corridor Point 60", "height": null, "use": "Corridor Point", "level": 0.0, "base_heigh": null, "color": null, "names": null, "block": null }, "geometry": { "type": "Point", "coordinates": [ 36.962591613879454, -0.399273704240322 ] } },
    { "type": "Feature", "properties": { "fid": 116.0, "Name": "Corridor Point 61", "height": null, "use": "Corridor Point", "level": 0.0, "base_heigh": null, "color": null, "names": null, "block": null }, "geometry": { "type": "Point", "coordinates": [ 36.962569044105464, -0.39927369860754 ] } },
    { "type": "Feature", "properties": { "fid": 117.0, "Name": "Corridor Point 62", "height": null, "use": "Corridor Point", "level": 0.0, "base_heigh": null, "color": null, "names": null, "block": null }, "geometry": { "type": "Point", "coordinates": [ 36.962620860872725, -0.399244821881239 ] } },
    { "type": "Feature", "properties": { "fid": 118.0, "Name": "Corridor Point 63", "height": null, "use": "Corridor Point", "level": 0.0, "base_heigh": null, "color": null, "names": null, "block": null }, "geometry": { "type": "Point", "coordinates": [ 36.962621012300033, -0.399259813309238 ] } },
    { "type": "Feature", "properties": { "fid": 119.0, "Name": "Corridor Point 64", "height": null, "use": "Corridor Point", "level": 0.0, "base_heigh": null, "color": null, "names": null, "block": null }, "geometry": { "type": "Point", "coordinates": [ 36.962620711886828, -0.399219914273868 ] } },
    { "type": "Feature", "properties": { "fid": 120.0, "Name": "Corridor Point 65", "height": null, "use": "Corridor Point", "level": 0.0, "base_heigh": null, "color": null, "names": null, "block": null }, "geometry": { "type": "Point", "coordinates": [ 36.962621182125915, -0.399200082031253 ] } },
    { "type": "Feature", "properties": { "fid": 121.0, "Name": "Corridor Point 66", "height": null, "use": "Corridor Point", "level": 0.0, "base_heigh": null, "color": null, "names": null, "block": null }, "geometry": { "type": "Point", "coordinates": [ 36.962620257449601, -0.399175564631134 ] } },
    { "type": "Feature", "properties": { "fid": 122.0, "Name": "Corridor Point 67", "height": null, "use": "Corridor Point", "level": 0.0, "base_heigh": null, "color": null, "names": null, "block": null }, "geometry": { "type": "Point", "coordinates": [ 36.962620882922188, -0.399155263946284 ] } },
    { "type": "Feature", "properties": { "fid": 123.0, "Name": "Corridor Point 68", "height": null, "use": "Corridor Point", "level": 0.0, "base_heigh": null, "color": null, "names": null, "block": null }, "geometry": { "type": "Point", "coordinates": [ 36.962624147776907, -0.399125360060517 ] } },
    { "type": "Feature", "properties": { "fid": 124.0, "Name": "Corridor Point 69", "height": null, "use": "Corridor Point", "level": 0.0, "base_heigh": null, "color": null, "names": null, "block": null }, "geometry": { "type": "Point", "coordinates": [ 36.962624771961181, -0.399110290745822 ] } },
    { "type": "Feature", "properties": { "fid": 125.0, "Name": "Corridor Point 70", "height": null, "use": "Corridor Point", "level": 0.0, "base_heigh": null, "color": null, "names": null, "block": null }, "geometry": { "type": "Point", "coordinates": [ 36.962623380582066, -0.399091238840306 ] } },
    { "type": "Feature", "properties": { "fid": 126.0, "Name": "Corridor Point 71", "height": null, "use": "Corridor Point", "level": 0.0, "base_heigh": null, "color": null, "names": null, "block": null }, "geometry": { "type": "Point", "coordinates": [ 36.9626033656929, -0.399109816924761 ] } },
    { "type": "Feature", "properties": { "fid": 127.0, "Name": "Corridor Point 72", "height": null, "use": "Corridor Point", "level": 0.0, "base_heigh": null, "color": null, "names": null, "block": null }, "geometry": { "type": "Point", "coordinates": [ 36.962590649840124, -0.399094041561084 ] } },
    { "type": "Feature", "properties": { "fid": 128.0, "Name": "Corridor Point 73", "height": null, "use": "Corridor Point", "level": 0.0, "base_heigh": null, "color": null, "names": null, "block": null }, "geometry": { "type": "Point", "coordinates": [ 36.962652232818421, -0.399090621396245 ] } },
    { "type": "Feature", "properties": { "fid": 129.0, "Name": "Corridor Point 74", "height": null, "use": "Corridor Point", "level": 0.0, "base_heigh": null, "color": null, "names": null, "block": null }, "geometry": { "type": "Point", "coordinates": [ 36.962651925598159, -0.399078362734659 ] } },
    { "type": "Feature", "properties": { "fid": 130.0, "Name": "Fire Escape Stair", "height": 8.0, "use": "Stair", "level": 1.0, "base_heigh": null, "color": "grey", "names": "Fire Escape Stair", "block": null }, "geometry": { "type": "Point", "coordinates": [ 36.963044287579635, -0.399312103849263 ] } },
    { "type": "Feature", "properties": { "fid": 131.0, "Name": "Gents Toilet", "height": 8.0, "use": "Toilet", "level": 1.0, "base_heigh": null, "color": "grey", "names": "Gents Toilet", "block": null }, "geometry": { "type": "Point", "coordinates": [ 36.962746288060501, -0.398915803246302 ] } },
    { "type": "Feature", "properties": { "fid": 132.0, "Name": "Store", "height": 8.0, "use": "Store", "level": 1.0, "base_heigh": null, "color": "grey", "names": "Store", "block": null }, "geometry": { "type": "Point", "coordinates": [ 36.962608833291519, -0.399095037686117 ] } },
    { "type": "Feature", "properties": { "fid": 133.0, "Name": "Stair", "height": 8.0, "use": "Stair", "level": 1.0, "base_heigh": null, "color": "grey", "names": "Stair", "block": null }, "geometry": { "type": "Point", "coordinates": [ 36.962748468001728, -0.399267543041849 ] } },
    { "type": "Feature", "properties": { "fid": 134.0, "Name": "Stair", "height": 8.0, "use": "Stair", "level": 1.0, "base_heigh": null, "color": "grey", "names": "Stair", "block": null }, "geometry": { "type": "Point", "coordinates": [ 36.962875153951792, -0.398971840482581 ] } },
    { "type": "Feature", "properties": { "fid": 135.0, "Name": "Store", "height": 8.0, "use": "Store", "level": 1.0, "base_heigh": null, "color": "blue", "names": "Store", "block": null }, "geometry": { "type": "Point", "coordinates": [ 36.962760169167844, -0.398916512489629 ] } },
    { "type": "Feature", "properties": { "fid": 136.0, "Name": "Store", "height": 8.0, "use": "Store", "level": 1.0, "base_heigh": null, "color": "grey", "names": "Store", "block": null }, "geometry": { "type": "Point", "coordinates": [ 36.962710941963508, -0.398862149115229 ] } },
    { "type": "Feature", "properties": { "fid": 137.0, "Name": "Disabled Toilet", "height": 8.0, "use": "Toilet", "level": 1.0, "base_heigh": null, "color": "grey", "names": "Disabled Toilet", "block": null }, "geometry": { "type": "Point", "coordinates": [ 36.963025589788693, -0.398948633061845 ] } },
    { "type": "Feature", "properties": { "fid": 138.0, "Name": "Gent Toilets", "height": 8.0, "use": "Toilet", "level": 1.0, "base_heigh": null, "color": "grey", "names": "Gent Toilets", "block": null }, "geometry": { "type": "Point", "coordinates": [ 36.962589996303187, -0.399290746425321 ] } },
    { "type": "Feature", "properties": { "fid": 139.0, "Name": "First Floor", "height": 8.0, "use": "Lecture Hall", "level": 1.0, "base_heigh": null, "color": "grey", "names": "First Floor", "block": null }, "geometry": { "type": "Point", "coordinates": [ 36.962647481236267, -0.399303747167495 ] } },
    { "type": "Feature", "properties": { "fid": 140.0, "Name": "Ladies Toilet", "height": 8.0, "use": "Toilet", "level": 1.0, "base_heigh": null, "color": "red", "names": "Ladies Toilet", "block": null }, "geometry": { "type": "Point", "coordinates": [ 36.962619160700498, -0.399292024112354 ] } },
    { "type": "Feature", "properties": { "fid": 141.0, "Name": "Store", "height": 8.0, "use": "Store", "level": 1.0, "base_heigh": null, "color": "grey", "names": "Store", "block": null }, "geometry": { "type": "Point", "coordinates": [ 36.962601353644772, -0.399291031572815 ] } },
    { "type": "Feature", "properties": { "fid": 142.0, "Name": "Lecture Hall", "height": 8.0, "use": "Lecture Hall", "level": 1.0, "base_heigh": null, "color": "grey", "names": "Lecture Hall", "block": null }, "geometry": { "type": "Point", "coordinates": [ 36.962796387893476, -0.399310418685311 ] } },
    { "type": "Feature", "properties": { "fid": 143.0, "Name": "Lecture Hall", "height": 8.0, "use": "Lecture Hall", "level": 1.0, "base_heigh": null, "color": "grey", "names": "Lecture Hall", "block": null }, "geometry": { "type": "Point", "coordinates": [ 36.962824220339286, -0.399311343148518 ] } },
    { "type": "Feature", "properties": { "fid": 144.0, "Name": "B7", "height": 8.0, "use": "Lecture Hall", "level": 1.0, "base_heigh": null, "color": "grey", "names": "B7", "block": null }, "geometry": { "type": "Point", "coordinates": [ 36.962971304009834, -0.399318861148612 ] } },
    { "type": "Feature", "properties": { "fid": 145.0, "Name": "Ladies Toilet", "height": 8.0, "use": "Toilet", "level": 1.0, "base_heigh": null, "color": "grey", "names": "Ladies Toilet", "block": null }, "geometry": { "type": "Point", "coordinates": [ 36.963004396832105, -0.399310400016861 ] } },
    { "type": "Feature", "properties": { "fid": 146.0, "Name": "FL 2.7", "height": 8.0, "use": "Seminar Room", "level": 1.0, "base_heigh": null, "color": "grey", "names": "FL 2.7", "block": null }, "geometry": { "type": "Point", "coordinates": [ 36.963017324400582, -0.399229442079023 ] } },
    { "type": "Feature", "properties": { "fid": 147.0, "Name": "Gents Toilet", "height": 8.0, "use": "Toilet", "level": 1.0, "base_heigh": null, "color": "grey", "names": "Gents Toilet", "block": null }, "geometry": { "type": "Point", "coordinates": [ 36.96301701597254, -0.399311250104886 ] } },
    { "type": "Feature", "properties": { "fid": 148.0, "Name": "FL 2.6", "height": 8.0, "use": "Office", "level": 1.0, "base_heigh": null, "color": "grey", "names": "FL 2.6", "block": null }, "geometry": { "type": "Point", "coordinates": [ 36.963017857157276, -0.39921333882783 ] } },
    { "type": "Feature", "properties": { "fid": 149.0, "Name": "A6", "height": 8.0, "use": "Lecture Hall", "level": 1.0, "base_heigh": null, "color": "grey", "names": "A6", "block": null }, "geometry": { "type": "Point", "coordinates": [ 36.96302173128899, -0.399049244979256 ] } },
    { "type": "Feature", "properties": { "fid": 150.0, "Name": "L Chem", "height": 8.0, "use": "Computer Room", "level": 1.0, "base_heigh": null, "color": "grey", "names": "L Chem", "block": null }, "geometry": { "type": "Point", "coordinates": [ 36.963022798599532, -0.399009718757043 ] } },
    { "type": "Feature", "properties": { "fid": 151.0, "Name": "Store", "height": 8.0, "use": "Store", "level": 1.0, "base_heigh": null, "color": "grey", "names": "Store", "block": null }, "geometry": { "type": "Point", "coordinates": [ 36.962647104485725, -0.399125466452253 ] } },
    { "type": "Feature", "properties": { "fid": 152.0, "Name": "A3", "height": 8.0, "use": "Lecture Hall", "level": 1.0, "base_heigh": null, "color": "grey", "names": "A3", "block": null }, "geometry": { "type": "Point", "coordinates": [ 36.962980513303812, -0.398936111756828 ] } },
    { "type": "Feature", "properties": { "fid": 153.0, "Name": "Laboratory", "height": 8.0, "use": "Laboratory", "level": 1.0, "base_heigh": null, "color": "grey", "names": "Laboratory", "block": null }, "geometry": { "type": "Point", "coordinates": [ 36.962644410793295, -0.399245731092228 ] } },
    { "type": "Feature", "properties": { "fid": 154.0, "Name": "IGGReS Technician Laboratory", "height": 8.0, "use": "Store", "level": 1.0, "base_heigh": null, "color": "grey", "names": "IGGReS Technician Laboratory", "block": null }, "geometry": { "type": "Point", "coordinates": [ 36.962608687413088, -0.399118046153732 ] } },
    { "type": "Feature", "properties": { "fid": 155.0, "Name": "Seminar Room", "height": 8.0, "use": "Seminar Room", "level": 1.0, "base_heigh": null, "color": "grey", "names": "Seminar Room", "block": null }, "geometry": { "type": "Point", "coordinates": [ 36.962605720398322, -0.399209444225313 ] } },
    { "type": "Feature", "properties": { "fid": 156.0, "Name": "Office", "height": 8.0, "use": "Office", "level": 1.0, "base_heigh": null, "color": "grey", "names": "Office", "block": null }, "geometry": { "type": "Point", "coordinates": [ 36.962606144952957, -0.399193564228818 ] } },
    { "type": "Feature", "properties": { "fid": 157.0, "Name": "Micro Laboratory", "height": 8.0, "use": "Laboratory", "level": 1.0, "base_heigh": null, "color": "grey", "names": "Micro Laboratory", "block": null }, "geometry": { "type": "Point", "coordinates": [ 36.962980940905595, -0.399141175804517 ] } },
    { "type": "Feature", "properties": { "fid": 158.0, "Name": "Store", "height": 8.0, "use": "Store", "level": 1.0, "base_heigh": null, "color": "grey", "names": "Store", "block": null }, "geometry": { "type": "Point", "coordinates": [ 36.962701727132313, -0.399017334221549 ] } },
    { "type": "Feature", "properties": { "fid": 159.0, "Name": "Chemical Laboratory", "height": 8.0, "use": "Laboratory", "level": 1.0, "base_heigh": null, "color": "grey", "names": "Chemical Laboratory", "block": null }, "geometry": { "type": "Point", "coordinates": [ 36.962983900042076, -0.398994042047166 ] } },
    { "type": "Feature", "properties": { "fid": 160.0, "Name": "SEM Room", "height": 8.0, "use": "Store", "level": 1.0, "base_heigh": null, "color": "grey", "names": "SEM Room", "block": null }, "geometry": { "type": "Point", "coordinates": [ 36.962981613571017, -0.399114686521947 ] } },
    { "type": "Feature", "properties": { "fid": 161.0, "Name": "Geology Lab", "height": 8.0, "use": "Laboratory", "level": 1.0, "base_heigh": null, "color": "grey", "names": "Geology Lab", "block": null }, "geometry": { "type": "Point", "coordinates": [ 36.962979733969433, -0.399173164029542 ] } },
    { "type": "Feature", "properties": { "fid": 162.0, "Name": "Store", "height": 8.0, "use": "Store", "level": 1.0, "base_heigh": null, "color": "grey", "names": "Store", "block": null }, "geometry": { "type": "Point", "coordinates": [ 36.963053086738476, -0.39894970460375 ] } },
    { "type": "Feature", "properties": { "fid": 163.0, "Name": "Ladies Toilet", "height": 8.0, "use": "Toilet", "level": 1.0, "base_heigh": null, "color": "red", "names": "Ladies Toilet", "block": null }, "geometry": { "type": "Point", "coordinates": [ 36.963000340207593, -0.39894756208019 ] } },
    { "type": "Feature", "properties": { "fid": 164.0, "Name": "Gents Toilet", "height": 8.0, "use": "Toilet", "level": 1.0, "base_heigh": null, "color": "grey", "names": "Gents Toilet", "block": null }, "geometry": { "type": "Point", "coordinates": [ 36.963038016347667, -0.398948902331597 ] } },
    { "type": "Feature", "properties": { "fid": 165.0, "Name": "Ladies Toilets", "height": 8.0, "use": "Toilet", "level": 1.0, "base_heigh": null, "color": "grey", "names": "Ladies Toilets", "block": null }, "geometry": { "type": "Point", "coordinates": [ 36.962775031849496, -0.398916939664723 ] } },
    { "type": "Feature", "properties": { "fid": 166.0, "Name": "Hall 7", "height": 8.0, "use": "Lecture Theatre", "level": 1.0, "base_heigh": null, "color": "grey", "names": "Hall 7", "block": null }, "geometry": { "type": "Point", "coordinates": [ 36.962700664081538, -0.399049973860399 ] } },
    { "type": "Feature", "properties": { "fid": 167.0, "Name": "Laboratory", "height": null, "use": "Laboratory", "level": 1.0, "base_heigh": null, "color": null, "names": "Laboratory", "block": null }, "geometry": { "type": "Point", "coordinates": [ 36.962646540642389, -0.399156754356735 ] } },
    { "type": "Feature", "properties": { "fid": 168.0, "Name": "Geology Lab", "height": null, "use": "Laboratory", "level": 1.0, "base_heigh": null, "color": null, "names": "Geology Lab", "block": null }, "geometry": { "type": "Point", "coordinates": [ 36.962977268993136, -0.399261198411586 ] } },
    { "type": "Feature", "properties": { "fid": 169.0, "Name": "A6", "height": null, "use": "Lecture Hall", "level": 1.0, "base_heigh": null, "color": null, "names": "A6", "block": null }, "geometry": { "type": "Point", "coordinates": [ 36.963019437895547, -0.3991496717392 ] } },
    { "type": "Feature", "properties": { "fid": 170.0, "Name": "Chemical Laboratory", "height": null, "use": "Laboratory", "level": 1.0, "base_heigh": null, "color": null, "names": "Chemical Laboratory", "block": null }, "geometry": { "type": "Point", "coordinates": [ 36.962982315271276, -0.399081116202949 ] } },
    { "type": "Feature", "properties": { "fid": 171.0, "Name": "A3", "height": null, "use": "Lecture Hall", "level": 1.0, "base_heigh": null, "color": null, "names": "A3", "block": null }, "geometry": { "type": "Point", "coordinates": [ 36.962861805357662, -0.398930208817088 ] } },
    { "type": "Feature", "properties": { "fid": 172.0, "Name": "Hall 7", "height": null, "use": "Lecture Theatre", "level": 1.0, "base_heigh": null, "color": null, "names": "Hall 7", "block": null }, "geometry": { "type": "Point", "coordinates": [ 36.962702226526204, -0.398997582297073 ] } },
    { "type": "Feature", "properties": { "fid": 173.0, "Name": "Corridor Point 1", "height": null, "use": "Corridor Point", "level": 1.0, "base_heigh": null, "color": null, "names": "Corridor Point 1", "block": null }, "geometry": { "type": "Point", "coordinates": [ 36.962581317733942, -0.399274942689957 ] } },
    { "type": "Feature", "properties": { "fid": 174.0, "Name": "Corridor Point 2", "height": null, "use": "Corridor Point", "level": 1.0, "base_heigh": null, "color": null, "names": "Corridor Point 2", "block": null }, "geometry": { "type": "Point", "coordinates": [ 36.962602061711557, -0.399277177687406 ] } },
    { "type": "Feature", "properties": { "fid": 175.0, "Name": "Corridor Point 3", "height": null, "use": "Corridor Point", "level": 1.0, "base_heigh": null, "color": null, "names": "Corridor Point 3", "block": null }, "geometry": { "type": "Point", "coordinates": [ 36.962618507675671, -0.399277955464131 ] } },
    { "type": "Feature", "properties": { "fid": 176.0, "Name": "Corridor Point 4", "height": null, "use": "Corridor Point", "level": 1.0, "base_heigh": null, "color": null, "names": "Corridor Point 4", "block": null }, "geometry": { "type": "Point", "coordinates": [ 36.962618976955703, -0.399244765039746 ] } },
    { "type": "Feature", "properties": { "fid": 177.0, "Name": "Corridor Point 5", "height": null, "use": "Corridor Point", "level": 1.0, "base_heigh": null, "color": null, "names": "Corridor Point 5", "block": null }, "geometry": { "type": "Point", "coordinates": [ 36.962619139268405, -0.399209795092473 ] } },
    { "type": "Feature", "properties": { "fid": 178.0, "Name": "Corridor Point 6", "height": null, "use": "Corridor Point", "level": 1.0, "base_heigh": null, "color": null, "names": "Corridor Point 6", "block": null }, "geometry": { "type": "Point", "coordinates": [ 36.96261945067328, -0.399193548051957 ] } },
    { "type": "Feature", "properties": { "fid": 179.0, "Name": "Corridor Point 7", "height": null, "use": "Corridor Point", "level": 1.0, "base_heigh": null, "color": null, "names": "Corridor Point 7", "block": null }, "geometry": { "type": "Point", "coordinates": [ 36.96262053584671, -0.399155947849084 ] } },
    { "type": "Feature", "properties": { "fid": 180.0, "Name": "Corridor Point 8", "height": null, "use": "Corridor Point", "level": 1.0, "base_heigh": null, "color": null, "names": "Corridor Point 8", "block": null }, "geometry": { "type": "Point", "coordinates": [ 36.962620391305016, -0.399118734175547 ] } },
    { "type": "Feature", "properties": { "fid": 181.0, "Name": "Corridor Point 9", "height": null, "use": "Corridor Point", "level": 1.0, "base_heigh": null, "color": null, "names": "Corridor Point 9", "block": null }, "geometry": { "type": "Point", "coordinates": [ 36.962620397037156, -0.39909544664083 ] } },
    { "type": "Feature", "properties": { "fid": 182.0, "Name": "Corridor Point 10", "height": null, "use": "Corridor Point", "level": 1.0, "base_heigh": null, "color": null, "names": "Corridor Point 10", "block": null }, "geometry": { "type": "Point", "coordinates": [ 36.962661435248698, -0.399096772120886 ] } },
    { "type": "Feature", "properties": { "fid": 183.0, "Name": "Corridor Point 11", "height": null, "use": "Corridor Point", "level": 1.0, "base_heigh": null, "color": null, "names": "Corridor Point 11", "block": null }, "geometry": { "type": "Point", "coordinates": [ 36.962700015498974, -0.399092913383011 ] } },
    { "type": "Feature", "properties": { "fid": 184.0, "Name": "Corridor Point 12", "height": null, "use": "Corridor Point", "level": 1.0, "base_heigh": null, "color": null, "names": "Corridor Point 12", "block": null }, "geometry": { "type": "Point", "coordinates": [ 36.962714007176473, -0.39907357506459 ] } },
    { "type": "Feature", "properties": { "fid": 185.0, "Name": "Corridor Point 13", "height": null, "use": "Corridor Point", "level": 1.0, "base_heigh": null, "color": null, "names": "Corridor Point 13", "block": null }, "geometry": { "type": "Point", "coordinates": [ 36.962713398402798, -0.399049049499494 ] } },
    { "type": "Feature", "properties": { "fid": 186.0, "Name": "Corridor Point 14", "height": null, "use": "Corridor Point", "level": 1.0, "base_heigh": null, "color": null, "names": "Corridor Point 14", "block": null }, "geometry": { "type": "Point", "coordinates": [ 36.96271417451139, -0.399018180166596 ] } },
    { "type": "Feature", "properties": { "fid": 187.0, "Name": "Corridor Point 15", "height": null, "use": "Corridor Point", "level": 1.0, "base_heigh": null, "color": null, "names": "Corridor Point 15", "block": null }, "geometry": { "type": "Point", "coordinates": [ 36.962714486980275, -0.398997600560216 ] } },
    { "type": "Feature", "properties": { "fid": 188.0, "Name": "Corridor Point 16", "height": null, "use": "Corridor Point", "level": 1.0, "base_heigh": null, "color": null, "names": "Corridor Point 16", "block": null }, "geometry": { "type": "Point", "coordinates": [ 36.962711889934823, -0.398932998272045 ] } },
    { "type": "Feature", "properties": { "fid": 189.0, "Name": "Corridor Point 17", "height": null, "use": "Corridor Point", "level": 1.0, "base_heigh": null, "color": null, "names": "Corridor Point 17", "block": null }, "geometry": { "type": "Point", "coordinates": [ 36.962746011388376, -0.398934940960818 ] } },
    { "type": "Feature", "properties": { "fid": 190.0, "Name": "Corridor Point 18", "height": null, "use": "Corridor Point", "level": 1.0, "base_heigh": null, "color": null, "names": "Corridor Point 18", "block": null }, "geometry": { "type": "Point", "coordinates": [ 36.962760305520035, -0.398935718197254 ] } },
    { "type": "Feature", "properties": { "fid": 191.0, "Name": "Corridor Point 19", "height": null, "use": "Corridor Point", "level": 1.0, "base_heigh": null, "color": null, "names": "Corridor Point 19", "block": null }, "geometry": { "type": "Point", "coordinates": [ 36.96277598301139, -0.398936341044141 ] } },
    { "type": "Feature", "properties": { "fid": 192.0, "Name": "Corridor Point 20", "height": null, "use": "Corridor Point", "level": 1.0, "base_heigh": null, "color": null, "names": "Corridor Point 20", "block": null }, "geometry": { "type": "Point", "coordinates": [ 36.962776132925931, -0.39895173716175 ] } },
    { "type": "Feature", "properties": { "fid": 193.0, "Name": "Corridor Point 21", "height": null, "use": "Corridor Point", "level": 1.0, "base_heigh": null, "color": null, "names": "Corridor Point 21", "block": null }, "geometry": { "type": "Point", "coordinates": [ 36.962863127909792, -0.398954079870435 ] } },
    { "type": "Feature", "properties": { "fid": 194.0, "Name": "Corridor Point 22", "height": null, "use": "Corridor Point", "level": 1.0, "base_heigh": null, "color": null, "names": "Corridor Point 22", "block": null }, "geometry": { "type": "Point", "coordinates": [ 36.962919068636154, -0.39898233286247 ] } },
    { "type": "Feature", "properties": { "fid": 195.0, "Name": "Corridor Point 23", "height": null, "use": "Corridor Point", "level": 1.0, "base_heigh": null, "color": null, "names": "Corridor Point 23", "block": null }, "geometry": { "type": "Point", "coordinates": [ 36.962875884923363, -0.398955243559846 ] } },
    { "type": "Feature", "properties": { "fid": 196.0, "Name": "Corridor Point 24", "height": null, "use": "Corridor Point", "level": 1.0, "base_heigh": null, "color": null, "names": "Corridor Point 24", "block": null }, "geometry": { "type": "Point", "coordinates": [ 36.962980708897234, -0.398959602261487 ] } },
    { "type": "Feature", "properties": { "fid": 197.0, "Name": "Corridor Point 25", "height": null, "use": "Corridor Point", "level": 1.0, "base_heigh": null, "color": null, "names": "Corridor Point 25", "block": null }, "geometry": { "type": "Point", "coordinates": [ 36.963000843760732, -0.398960226219602 ] } },
    { "type": "Feature", "properties": { "fid": 198.0, "Name": "Corridor Point 26", "height": null, "use": "Corridor Point", "level": 1.0, "base_heigh": null, "color": null, "names": "Corridor Point 26", "block": null }, "geometry": { "type": "Point", "coordinates": [ 36.963026665347321, -0.398961934736995 ] } },
    { "type": "Feature", "properties": { "fid": 199.0, "Name": "Corridor Point 27", "height": null, "use": "Corridor Point", "level": 1.0, "base_heigh": null, "color": null, "names": "Corridor Point 27", "block": null }, "geometry": { "type": "Point", "coordinates": [ 36.963039576159815, -0.398962711628443 ] } },
    { "type": "Feature", "properties": { "fid": 200.0, "Name": "Corridor Point 28", "height": null, "use": "Corridor Point", "level": 1.0, "base_heigh": null, "color": null, "names": "Corridor Point 28", "block": null }, "geometry": { "type": "Point", "coordinates": [ 36.963005446324942, -0.398994810527128 ] } },
    { "type": "Feature", "properties": { "fid": 201.0, "Name": "Corridor Point 29", "height": null, "use": "Corridor Point", "level": 1.0, "base_heigh": null, "color": null, "names": "Corridor Point 29", "block": null }, "geometry": { "type": "Point", "coordinates": [ 36.963005289462714, -0.399007653451244 ] } },
    { "type": "Feature", "properties": { "fid": 202.0, "Name": "Corridor Point 30", "height": null, "use": "Corridor Point", "level": 1.0, "base_heigh": null, "color": null, "names": "Corridor Point 30", "block": null }, "geometry": { "type": "Point", "coordinates": [ 36.963037555357666, -0.39905485551922 ] } },
    { "type": "Feature", "properties": { "fid": 203.0, "Name": "Corridor Point 31", "height": null, "use": "Corridor Point", "level": 1.0, "base_heigh": null, "color": null, "names": "Corridor Point 31", "block": null }, "geometry": { "type": "Point", "coordinates": [ 36.96300435746361, -0.399047419984462 ] } },
    { "type": "Feature", "properties": { "fid": 204.0, "Name": "Corridor Point 32", "height": null, "use": "Corridor Point", "level": 1.0, "base_heigh": null, "color": null, "names": "Corridor Point 32", "block": null }, "geometry": { "type": "Point", "coordinates": [ 36.963002658169934, -0.399082234822366 ] } },
    { "type": "Feature", "properties": { "fid": 205.0, "Name": "Corridor Point 33", "height": null, "use": "Corridor Point", "level": 1.0, "base_heigh": null, "color": null, "names": "Corridor Point 33", "block": null }, "geometry": { "type": "Point", "coordinates": [ 36.963001881280391, -0.399116276217794 ] } },
    { "type": "Feature", "properties": { "fid": 206.0, "Name": "Corridor Point 34", "height": null, "use": "Corridor Point", "level": 1.0, "base_heigh": null, "color": null, "names": "Corridor Point 34", "block": null }, "geometry": { "type": "Point", "coordinates": [ 36.963001260015787, -0.399142503559948 ] } },
    { "type": "Feature", "properties": { "fid": 207.0, "Name": "Corridor Point 35", "height": null, "use": "Corridor Point", "level": 1.0, "base_heigh": null, "color": null, "names": "Corridor Point 35", "block": null }, "geometry": { "type": "Point", "coordinates": [ 36.96300079081545, -0.399175384523357 ] } },
    { "type": "Feature", "properties": { "fid": 208.0, "Name": "Corridor Point 36", "height": null, "use": "Corridor Point", "level": 1.0, "base_heigh": null, "color": null, "names": "Corridor Point 36", "block": null }, "geometry": { "type": "Point", "coordinates": [ 36.963001242743381, -0.399212675649664 ] } },
    { "type": "Feature", "properties": { "fid": 209.0, "Name": "Corridor Point 37", "height": null, "use": "Corridor Point", "level": 1.0, "base_heigh": null, "color": null, "names": "Corridor Point 37", "block": null }, "geometry": { "type": "Point", "coordinates": [ 36.963000777712757, -0.399228613186755 ] } },
    { "type": "Feature", "properties": { "fid": 210.0, "Name": "Corridor Point 38", "height": null, "use": "Corridor Point", "level": 1.0, "base_heigh": null, "color": null, "names": "Corridor Point 38", "block": null }, "geometry": { "type": "Point", "coordinates": [ 36.963000462232138, -0.39926141682122 ] } },
    { "type": "Feature", "properties": { "fid": 211.0, "Name": "Corridor Point 39", "height": null, "use": "Corridor Point", "level": 1.0, "base_heigh": null, "color": null, "names": "Corridor Point 39", "block": null }, "geometry": { "type": "Point", "coordinates": [ 36.962998763543389, -0.399293755907029 ] } },
    { "type": "Feature", "properties": { "fid": 212.0, "Name": "Corridor Point 40", "height": null, "use": "Corridor Point", "level": 1.0, "base_heigh": null, "color": null, "names": "Corridor Point 40", "block": null }, "geometry": { "type": "Point", "coordinates": [ 36.963006448588082, -0.399294067293684 ] } },
    { "type": "Feature", "properties": { "fid": 213.0, "Name": "Corridor Point 41", "height": null, "use": "Corridor Point", "level": 1.0, "base_heigh": null, "color": null, "names": "Corridor Point 41", "block": null }, "geometry": { "type": "Point", "coordinates": [ 36.96301720768119, -0.399294379447422 ] } },
    { "type": "Feature", "properties": { "fid": 214.0, "Name": "Corridor Point 42", "height": null, "use": "Corridor Point", "level": 1.0, "base_heigh": null, "color": null, "names": "Corridor Point 42", "block": null }, "geometry": { "type": "Point", "coordinates": [ 36.96303872567713, -0.399295777427291 ] } },
    { "type": "Feature", "properties": { "fid": 215.0, "Name": "Corridor Point 43", "height": null, "use": "Corridor Point", "level": 1.0, "base_heigh": null, "color": null, "names": "Corridor Point 43", "block": null }, "geometry": { "type": "Point", "coordinates": [ 36.962971711994363, -0.399293439687732 ] } },
    { "type": "Feature", "properties": { "fid": 216.0, "Name": "Corridor Point 44", "height": null, "use": "Corridor Point", "level": 1.0, "base_heigh": null, "color": null, "names": "Corridor Point 44", "block": null }, "geometry": { "type": "Point", "coordinates": [ 36.962897475101357, -0.399287850721101 ] } },
    { "type": "Feature", "properties": { "fid": 217.0, "Name": "Corridor Point 45", "height": null, "use": "Corridor Point", "level": 1.0, "base_heigh": null, "color": null, "names": "Corridor Point 45", "block": null }, "geometry": { "type": "Point", "coordinates": [ 36.962826003254861, -0.399288761292438 ] } },
    { "type": "Feature", "properties": { "fid": 218.0, "Name": "Corridor Point 46", "height": null, "use": "Corridor Point", "level": 1.0, "base_heigh": null, "color": null, "names": "Corridor Point 46", "block": null }, "geometry": { "type": "Point", "coordinates": [ 36.962794955636937, -0.399287670403081 ] } },
    { "type": "Feature", "properties": { "fid": 219.0, "Name": "Corridor Point 47", "height": null, "use": "Corridor Point", "level": 1.0, "base_heigh": null, "color": null, "names": "Corridor Point 47", "block": null }, "geometry": { "type": "Point", "coordinates": [ 36.9627477698779, -0.399284099734693 ] } },
    { "type": "Feature", "properties": { "fid": 220.0, "Name": "Corridor Point 48", "height": null, "use": "Corridor Point", "level": 1.0, "base_heigh": null, "color": null, "names": "Corridor Point 48", "block": null }, "geometry": { "type": "Point", "coordinates": [ 36.96264847927818, -0.399279432921471 ] } },
    { "type": "Feature", "properties": { "fid": 221.0, "Name": "Store", "height": 12.0, "use": "Lab\/Store", "level": 2.0, "base_heigh": null, "color": "grey", "names": "Store", "block": "Academic Block" }, "geometry": { "type": "Point", "coordinates": [ 36.962705288123338, -0.39884996799377 ] } },
    { "type": "Feature", "properties": { "fid": 222.0, "Name": "Office", "height": 12.0, "use": "Office", "level": 2.0, "base_heigh": null, "color": "grey", "names": "Office", "block": "Academic Block" }, "geometry": { "type": "Point", "coordinates": [ 36.962606655793614, -0.399193486064932 ] } },
    { "type": "Feature", "properties": { "fid": 223.0, "Name": "Ladies Toilets", "height": 12.0, "use": "Toilet", "level": 2.0, "base_heigh": null, "color": "grey", "names": "Ladies Toilets", "block": "Academic Block" }, "geometry": { "type": "Point", "coordinates": [ 36.962619053483841, -0.399291763708202 ] } },
    { "type": "Feature", "properties": { "fid": 224.0, "Name": "Seminar Room", "height": 12.0, "use": "Seminar Room", "level": 2.0, "base_heigh": null, "color": "grey", "names": "Seminar Room", "block": "Academic Block" }, "geometry": { "type": "Point", "coordinates": [ 36.962606227043807, -0.399209050242109 ] } },
    { "type": "Feature", "properties": { "fid": 225.0, "Name": "Store", "height": 12.0, "use": "Store", "level": 2.0, "base_heigh": null, "color": "grey", "names": "Store", "block": "Academic Block" }, "geometry": { "type": "Point", "coordinates": [ 36.962608472145952, -0.399117836857885 ] } },
    { "type": "Feature", "properties": { "fid": 226.0, "Name": "Seminar Room", "height": 12.0, "use": "Seminar Room", "level": 2.0, "base_heigh": null, "color": "grey", "names": "Seminar Room", "block": "Academic Block" }, "geometry": { "type": "Point", "coordinates": [ 36.96261208779989, -0.398968097158821 ] } },
    { "type": "Feature", "properties": { "fid": 227.0, "Name": "First Floor", "height": 12.0, "use": "Lecture Hall", "level": 2.0, "base_heigh": null, "color": "grey", "names": "First Floor", "block": "Academic Block" }, "geometry": { "type": "Point", "coordinates": [ 36.962648180357782, -0.399303471635723 ] } },
    { "type": "Feature", "properties": { "fid": 228.0, "Name": "First Floor", "height": 12.0, "use": "Lecture Hall", "level": 2.0, "base_heigh": null, "color": "grey", "names": "First Floor", "block": "Academic Block" }, "geometry": { "type": "Point", "coordinates": [ 36.962796954220856, -0.399310651649114 ] } },
    { "type": "Feature", "properties": { "fid": 229.0, "Name": "First Floor", "height": 12.0, "use": "Lecture Hall", "level": 2.0, "base_heigh": null, "color": "grey", "names": "First Floor", "block": "Academic Block" }, "geometry": { "type": "Point", "coordinates": [ 36.962825837661917, -0.399311818764709 ] } },
    { "type": "Feature", "properties": { "fid": 230.0, "Name": "B12", "height": 12.0, "use": "None", "level": 2.0, "base_heigh": null, "color": "grey", "names": "B12", "block": "Academic Block" }, "geometry": { "type": "Point", "coordinates": [ 36.962970691570561, -0.399319014342137 ] } },
    { "type": "Feature", "properties": { "fid": 231.0, "Name": "Gents Toilets", "height": 12.0, "use": "Toilet", "level": 2.0, "base_heigh": null, "color": "grey", "names": "Gents Toilets", "block": "Academic Block" }, "geometry": { "type": "Point", "coordinates": [ 36.963016690944329, -0.39931101020738 ] } },
    { "type": "Feature", "properties": { "fid": 232.0, "Name": "Fire Escape Stair", "height": 12.0, "use": "Stair", "level": 2.0, "base_heigh": null, "color": "grey", "names": "Fire Escape Stair", "block": "Academic Block" }, "geometry": { "type": "Point", "coordinates": [ 36.96304426187988, -0.39931202714272 ] } },
    { "type": "Feature", "properties": { "fid": 233.0, "Name": "Ladies Toilet", "height": 12.0, "use": "Toilet", "level": 2.0, "base_heigh": null, "color": "grey", "names": "Ladies Toilet", "block": "Academic Block" }, "geometry": { "type": "Point", "coordinates": [ 36.963004851978681, -0.399310239611069 ] } },
    { "type": "Feature", "properties": { "fid": 234.0, "Name": "B10", "height": 12.0, "use": "Lecture Hall", "level": 2.0, "base_heigh": null, "color": "grey", "names": "B10", "block": "Academic Block" }, "geometry": { "type": "Point", "coordinates": [ 36.963017524318474, -0.399229078619798 ] } },
    { "type": "Feature", "properties": { "fid": 235.0, "Name": "B9", "height": 12.0, "use": "Lecture Hall", "level": 2.0, "base_heigh": null, "color": "grey", "names": "B9", "block": "Academic Block" }, "geometry": { "type": "Point", "coordinates": [ 36.963017738620422, -0.399213037430278 ] } },
    { "type": "Feature", "properties": { "fid": 236.0, "Name": "IGGReS Staff Room", "height": 12.0, "use": "Office", "level": 2.0, "base_heigh": null, "color": "grey", "names": "IGGReS Staff Room", "block": "Academic Block" }, "geometry": { "type": "Point", "coordinates": [ 36.963019542141978, -0.399149984677494 ] } },
    { "type": "Feature", "properties": { "fid": 237.0, "Name": "IGGReS Lecturer Office", "height": 12.0, "use": "Office", "level": 2.0, "base_heigh": null, "color": "grey", "names": "IGGReS Lecturer Office", "block": "Academic Block" }, "geometry": { "type": "Point", "coordinates": [ 36.963022091263667, -0.399048867246664 ] } },
    { "type": "Feature", "properties": { "fid": 238.0, "Name": "IGGReS Admin Office", "height": 12.0, "use": "Office", "level": 2.0, "base_heigh": null, "color": "grey", "names": "IGGReS Admin Office", "block": "Academic Block" }, "geometry": { "type": "Point", "coordinates": [ 36.963023690657415, -0.398990249692159 ] } },
    { "type": "Feature", "properties": { "fid": 239.0, "Name": "A2", "height": 12.0, "use": "Lecture Hall", "level": 2.0, "base_heigh": null, "color": "grey", "names": "A2", "block": "Academic Block" }, "geometry": { "type": "Point", "coordinates": [ 36.962862777922361, -0.398930450565926 ] } },
    { "type": "Feature", "properties": { "fid": 240.0, "Name": "Ladies Toilet", "height": 12.0, "use": "Toilet", "level": 2.0, "base_heigh": null, "color": "grey", "names": "Ladies Toilet", "block": "Academic Block" }, "geometry": { "type": "Point", "coordinates": [ 36.963001817171957, -0.398947320594156 ] } },
    { "type": "Feature", "properties": { "fid": 241.0, "Name": "Gents Toilet", "height": 12.0, "use": "Toilet", "level": 2.0, "base_heigh": null, "color": "grey", "names": "Gents Toilet", "block": "Academic Block" }, "geometry": { "type": "Point", "coordinates": [ 36.963038838874716, -0.398949129831679 ] } },
    { "type": "Feature", "properties": { "fid": 242.0, "Name": "Lab Store Door", "height": 12.0, "use": "Lab\/Store", "level": 2.0, "base_heigh": null, "color": "grey", "names": "Lab Store Door", "block": "Academic Block" }, "geometry": { "type": "Point", "coordinates": [ 36.962647073692629, -0.399125245170932 ] } },
    { "type": "Feature", "properties": { "fid": 243.0, "Name": "Siemens Lab", "height": 12.0, "use": "Laboratory", "level": 2.0, "base_heigh": null, "color": "grey", "names": "Siemens Lab", "block": "Academic Block" }, "geometry": { "type": "Point", "coordinates": [ 36.962650984243304, -0.398977364698091 ] } },
    { "type": "Feature", "properties": { "fid": 244.0, "Name": "Siemens Lab Store", "height": 12.0, "use": "Lab\/Store", "level": 2.0, "base_heigh": null, "color": "grey", "names": "Siemens Lab Store", "block": "Academic Block" }, "geometry": { "type": "Point", "coordinates": [ 36.962647596902819, -0.399098204122389 ] } },
    { "type": "Feature", "properties": { "fid": 245.0, "Name": "Lab", "height": 12.0, "use": "Laboratory", "level": 2.0, "base_heigh": null, "color": "grey", "names": "Lab", "block": "Academic Block" }, "geometry": { "type": "Point", "coordinates": [ 36.962646274945335, -0.399158169875931 ] } },
    { "type": "Feature", "properties": { "fid": 246.0, "Name": "Fire Escape Stair", "height": 12.0, "use": "Stair", "level": 2.0, "base_heigh": null, "color": "grey", "names": "Fire Escape Stair", "block": "Academic Block" }, "geometry": { "type": "Point", "coordinates": [ 36.962879787431042, -0.398971924078978 ] } },
    { "type": "Feature", "properties": { "fid": 247.0, "Name": "Food Chemistry Lab", "height": 12.0, "use": "Laboratory", "level": 2.0, "base_heigh": null, "color": "grey", "names": "Food Chemistry Lab", "block": "Academic Block" }, "geometry": { "type": "Point", "coordinates": [ 36.962983866943219, -0.398993071188644 ] } },
    { "type": "Feature", "properties": { "fid": 248.0, "Name": "Nutrition Assesment Lab", "height": 12.0, "use": "Laboratory", "level": 2.0, "base_heigh": null, "color": "grey", "names": "Nutrition Assesment Lab", "block": "Academic Block" }, "geometry": { "type": "Point", "coordinates": [ 36.962979931240788, -0.399173179910364 ] } },
    { "type": "Feature", "properties": { "fid": 249.0, "Name": "Reagent Store", "height": 12.0, "use": "Store", "level": 2.0, "base_heigh": null, "color": "grey", "names": "Reagent Store", "block": "Academic Block" }, "geometry": { "type": "Point", "coordinates": [ 36.962981408003309, -0.399114693202475 ] } },
    { "type": "Feature", "properties": { "fid": 250.0, "Name": "Technologist Office", "height": 12.0, "use": "Office", "level": 2.0, "base_heigh": null, "color": "grey", "names": "Technologist Office", "block": "Academic Block" }, "geometry": { "type": "Point", "coordinates": [ 36.962980762121873, -0.3991417846424 ] } },
    { "type": "Feature", "properties": { "fid": 251.0, "Name": "Gents Toilets", "height": 12.0, "use": "Toilets", "level": 2.0, "base_heigh": null, "color": "grey", "names": "Gents Toilets", "block": "Academic Block" }, "geometry": { "type": "Point", "coordinates": [ 36.962590271688619, -0.399290589732315 ] } },
    { "type": "Feature", "properties": { "fid": 252.0, "Name": "Store", "height": 12.0, "use": "Stoe", "level": 2.0, "base_heigh": null, "color": "grey", "names": "Store", "block": "Academic Block" }, "geometry": { "type": "Point", "coordinates": [ 36.962608906919911, -0.399101814456256 ] } },
    { "type": "Feature", "properties": { "fid": 253.0, "Name": "Pyhsics and Mech Lab", "height": 12.0, "use": "Laboratory", "level": 2.0, "base_heigh": null, "color": "grey", "names": "Pyhsics and Mech Lab", "block": "Academic Block" }, "geometry": { "type": "Point", "coordinates": [ 36.962716692528431, -0.398923519225976 ] } },
    { "type": "Feature", "properties": { "fid": 254.0, "Name": "Disabled Toilet", "height": 12.0, "use": "Toilet", "level": 2.0, "base_heigh": null, "color": "grey", "names": "Disabled Toilet", "block": "Academic Block" }, "geometry": { "type": "Point", "coordinates": [ 36.963027164381778, -0.398948703389901 ] } },
    { "type": "Feature", "properties": { "fid": 255.0, "Name": "Fire Escape Stair", "height": 12.0, "use": "Stair", "level": 2.0, "base_heigh": null, "color": "grey", "names": "Fire Escape Stair", "block": "Academic Block" }, "geometry": { "type": "Point", "coordinates": [ 36.962750185557681, -0.399267913410148 ] } },
    { "type": "Feature", "properties": { "fid": 256.0, "Name": "Stoor Door", "height": null, "use": "Door", "level": 2.0, "base_heigh": null, "color": null, "names": "Store Door", "block": null }, "geometry": { "type": "Point", "coordinates": [ 36.962601859624591, -0.399291016661184 ] } },
    { "type": "Feature", "properties": { "fid": 257.0, "Name": "Seminar Room", "height": null, "use": "Seminar Room", "level": 2.0, "base_heigh": null, "color": null, "names": "Seminar Room", "block": null }, "geometry": { "type": "Point", "coordinates": [ 36.962609458264268, -0.399070869589299 ] } },
    { "type": "Feature", "properties": { "fid": 258.0, "Name": "Siemens Lab Door 2", "height": null, "use": "Laboratory", "level": 2.0, "base_heigh": null, "color": null, "names": "Siemens Lab Door 2", "block": null }, "geometry": { "type": "Point", "coordinates": [ 36.962648687535811, -0.399067101479001 ] } },
    { "type": "Feature", "properties": { "fid": 259.0, "Name": "Lab", "height": null, "use": "Laboratory", "level": 2.0, "base_heigh": null, "color": null, "names": "Lab", "block": null }, "geometry": { "type": "Point", "coordinates": [ 36.962644348024654, -0.399245818052386 ] } },
    { "type": "Feature", "properties": { "fid": 260.0, "Name": "Nutrition Assesment Lab", "height": null, "use": "Laboratory", "level": 2.0, "base_heigh": null, "color": null, "names": "Nutrition Assesment Lab", "block": null }, "geometry": { "type": "Point", "coordinates": [ 36.96297738505843, -0.39926119152558 ] } },
    { "type": "Feature", "properties": { "fid": 261.0, "Name": "Food Chemistry Lab", "height": null, "use": "Laboratory", "level": 2.0, "base_heigh": null, "color": null, "names": "Food Chemistry Lab", "block": null }, "geometry": { "type": "Point", "coordinates": [ 36.96298160784405, -0.399081874448217 ] } },
    { "type": "Feature", "properties": { "fid": 262.0, "Name": "A2", "height": null, "use": "Lecture Hall", "level": 2.0, "base_heigh": null, "color": null, "names": "A2", "block": null }, "geometry": { "type": "Point", "coordinates": [ 36.962980994976455, -0.398936091827121 ] } },
    { "type": "Feature", "properties": { "fid": 263.0, "Name": "Pyhsics Lab Door 2", "height": null, "use": "Laboratory", "level": 2.0, "base_heigh": null, "color": null, "names": "Pyhsics Lab Door 2", "block": null }, "geometry": { "type": "Point", "coordinates": [ 36.962834331911125, -0.398929133361002 ] } },
    { "type": "Feature", "properties": { "fid": 264.0, "Name": "Corridor Pnt 1", "height": null, "use": "Corridor Point", "level": 2.0, "base_heigh": null, "color": null, "names": "Corridor Pnt 1", "block": null }, "geometry": { "type": "Point", "coordinates": [ 36.962630864798747, -0.39894194390132 ] } },
    { "type": "Feature", "properties": { "fid": 265.0, "Name": "Corridor Pnt 2", "height": null, "use": "Corridor Point", "level": 2.0, "base_heigh": null, "color": null, "names": "Corridor Pnt 2", "block": null }, "geometry": { "type": "Point", "coordinates": [ 36.962628205735292, -0.398974251165836 ] } },
    { "type": "Feature", "properties": { "fid": 266.0, "Name": "Corridor Pnt 3", "height": null, "use": "Corridor Point", "level": 2.0, "base_heigh": null, "color": null, "names": "Corridor Pnt 3", "block": null }, "geometry": { "type": "Point", "coordinates": [ 36.962625682729431, -0.399020675623797 ] } },
    { "type": "Feature", "properties": { "fid": 267.0, "Name": "Corridor Pnt 4", "height": null, "use": "Corridor Point", "level": 2.0, "base_heigh": null, "color": null, "names": "Corridor Pnt 4", "block": null }, "geometry": { "type": "Point", "coordinates": [ 36.962624555235529, -0.399066327848824 ] } },
    { "type": "Feature", "properties": { "fid": 268.0, "Name": "Corridor Pnt 5", "height": null, "use": "Corridor Point", "level": 2.0, "base_heigh": null, "color": null, "names": "Corridor Pnt 5", "block": null }, "geometry": { "type": "Point", "coordinates": [ 36.962624686608436, -0.399099478624568 ] } },
    { "type": "Feature", "properties": { "fid": 269.0, "Name": "Corridor Pnt 6", "height": null, "use": "Corridor Point", "level": 2.0, "base_heigh": null, "color": null, "names": "Corridor Pnt 6", "block": null }, "geometry": { "type": "Point", "coordinates": [ 36.962624262997942, -0.399119846560139 ] } },
    { "type": "Feature", "properties": { "fid": 270.0, "Name": "Corridor Pnt 7", "height": null, "use": "Corridor Point", "level": 2.0, "base_heigh": null, "color": null, "names": "Corridor Pnt 7", "block": null }, "geometry": { "type": "Point", "coordinates": [ 36.962622440018215, -0.399156649048776 ] } },
    { "type": "Feature", "properties": { "fid": 271.0, "Name": "Corridor Pnt 8", "height": null, "use": "Corridor Point", "level": 2.0, "base_heigh": null, "color": null, "names": "Corridor Pnt 8", "block": null }, "geometry": { "type": "Point", "coordinates": [ 36.962621035496262, -0.399194013518749 ] } },
    { "type": "Feature", "properties": { "fid": 272.0, "Name": "Corridor Pnt 9", "height": null, "use": "Corridor Point", "level": 2.0, "base_heigh": null, "color": null, "names": "Corridor Pnt 9", "block": null }, "geometry": { "type": "Point", "coordinates": [ 36.962619915364293, -0.39920974579519 ] } },
    { "type": "Feature", "properties": { "fid": 273.0, "Name": "Corridor Pnt 10", "height": null, "use": "Corridor Point", "level": 2.0, "base_heigh": null, "color": null, "names": "Corridor Pnt 10", "block": null }, "geometry": { "type": "Point", "coordinates": [ 36.962619069558365, -0.399244722427245 ] } },
    { "type": "Feature", "properties": { "fid": 274.0, "Name": "Corridor Pnt 11", "height": null, "use": "Corridor Point", "level": 2.0, "base_heigh": null, "color": null, "names": "Corridor Pnt 11", "block": null }, "geometry": { "type": "Point", "coordinates": [ 36.962618224512674, -0.399276608735946 ] } },
    { "type": "Feature", "properties": { "fid": 275.0, "Name": "Corridor Pnt 12", "height": null, "use": "Corridor Point", "level": 2.0, "base_heigh": null, "color": null, "names": "Corridor Pnt 12", "block": null }, "geometry": { "type": "Point", "coordinates": [ 36.962600783145774, -0.399275902036858 ] } },
    { "type": "Feature", "properties": { "fid": 276.0, "Name": "Corridor Pnt 13", "height": null, "use": "Corridor Point", "level": 2.0, "base_heigh": null, "color": null, "names": "Corridor Pnt 13", "block": null }, "geometry": { "type": "Point", "coordinates": [ 36.962589829928021, -0.399275618364756 ] } },
    { "type": "Feature", "properties": { "fid": 277.0, "Name": "Corridor Pnt 14", "height": null, "use": "Corridor Point", "level": 2.0, "base_heigh": null, "color": null, "names": "Corridor Pnt 14", "block": null }, "geometry": { "type": "Point", "coordinates": [ 36.962649339891648, -0.399277950959215 ] } },
    { "type": "Feature", "properties": { "fid": 278.0, "Name": "Corridor Pnt 15", "height": null, "use": "Corridor Point", "level": 2.0, "base_heigh": null, "color": null, "names": "Corridor Pnt 15", "block": null }, "geometry": { "type": "Point", "coordinates": [ 36.962695454857894, -0.399279858802769 ] } },
    { "type": "Feature", "properties": { "fid": 279.0, "Name": "Corridor Pnt 16", "height": null, "use": "Corridor Point", "level": 2.0, "base_heigh": null, "color": null, "names": "Corridor Pnt 16", "block": null }, "geometry": { "type": "Point", "coordinates": [ 36.962750046189761, -0.399282681811692 ] } },
    { "type": "Feature", "properties": { "fid": 280.0, "Name": "Corridor Pnt 17", "height": null, "use": "Corridor Point", "level": 2.0, "base_heigh": null, "color": null, "names": "Corridor Pnt 17", "block": null }, "geometry": { "type": "Point", "coordinates": [ 36.962796858768741, -0.39928480053294 ] } },
    { "type": "Feature", "properties": { "fid": 281.0, "Name": "Corridor Pnt 18", "height": null, "use": "Corridor Point", "level": 2.0, "base_heigh": null, "color": null, "names": "Corridor Pnt 18", "block": null }, "geometry": { "type": "Point", "coordinates": [ 36.96282448568715, -0.399286773996988 ] } },
    { "type": "Feature", "properties": { "fid": 282.0, "Name": "Corridor Pnt 19", "height": null, "use": "Corridor Point", "level": 2.0, "base_heigh": null, "color": null, "names": "Corridor Pnt 19", "block": null }, "geometry": { "type": "Point", "coordinates": [ 36.962868821534691, -0.399289032569231 ] } },
    { "type": "Feature", "properties": { "fid": 283.0, "Name": "Corridor Pnt 20", "height": null, "use": "Corridor Point", "level": 2.0, "base_heigh": null, "color": null, "names": "Corridor Pnt 20", "block": null }, "geometry": { "type": "Point", "coordinates": [ 36.96291783178625, -0.39929101136925 ] } },
    { "type": "Feature", "properties": { "fid": 284.0, "Name": "Corridor Pnt 21", "height": null, "use": "Corridor Point", "level": 2.0, "base_heigh": null, "color": null, "names": "Corridor Pnt 21", "block": null }, "geometry": { "type": "Point", "coordinates": [ 36.962970644399633, -0.399292569710093 ] } },
    { "type": "Feature", "properties": { "fid": 285.0, "Name": "Corridor Pnt 22", "height": null, "use": "Corridor Point", "level": 2.0, "base_heigh": null, "color": null, "names": "Corridor Pnt 22", "block": null }, "geometry": { "type": "Point", "coordinates": [ 36.963003608675706, -0.39929356122078 ] } },
    { "type": "Feature", "properties": { "fid": 286.0, "Name": "Corridor Pnt 23", "height": null, "use": "Corridor Point", "level": 2.0, "base_heigh": null, "color": null, "names": "Corridor Pnt 23", "block": null }, "geometry": { "type": "Point", "coordinates": [ 36.963018573209425, -0.399294829178464 ] } },
    { "type": "Feature", "properties": { "fid": 287.0, "Name": "Corridor Pnt 24", "height": null, "use": "Corridor Point", "level": 2.0, "base_heigh": null, "color": null, "names": "Corridor Pnt 24", "block": null }, "geometry": { "type": "Point", "coordinates": [ 36.963041177243554, -0.399295677634563 ] } },
    { "type": "Feature", "properties": { "fid": 288.0, "Name": "Corridor Pnt 25", "height": null, "use": "Corridor Point", "level": 2.0, "base_heigh": null, "color": null, "names": "Corridor Pnt 25", "block": null }, "geometry": { "type": "Point", "coordinates": [ 36.963002535340799, -0.399260901844634 ] } },
    { "type": "Feature", "properties": { "fid": 289.0, "Name": "Corridor Pnt 26", "height": null, "use": "Corridor Point", "level": 2.0, "base_heigh": null, "color": null, "names": "Corridor Pnt 26", "block": null }, "geometry": { "type": "Point", "coordinates": [ 36.963003380419472, -0.399228875058959 ] } },
    { "type": "Feature", "properties": { "fid": 290.0, "Name": "Corridor Pnt 27", "height": null, "use": "Corridor Point", "level": 2.0, "base_heigh": null, "color": null, "names": "Corridor Pnt 27", "block": null }, "geometry": { "type": "Point", "coordinates": [ 36.963003244932892, -0.399212440119018 ] } },
    { "type": "Feature", "properties": { "fid": 291.0, "Name": "Corridor Pnt 28", "height": null, "use": "Corridor Point", "level": 2.0, "base_heigh": null, "color": null, "names": "Corridor Pnt 28", "block": null }, "geometry": { "type": "Point", "coordinates": [ 36.963003533488966, -0.399173881372788 ] } },
    { "type": "Feature", "properties": { "fid": 292.0, "Name": "Corridor Pnt 29", "height": null, "use": "Corridor Point", "level": 2.0, "base_heigh": null, "color": null, "names": "Corridor Pnt 29", "block": null }, "geometry": { "type": "Point", "coordinates": [ 36.963003678812498, -0.399150352804116 ] } },
    { "type": "Feature", "properties": { "fid": 293.0, "Name": "Corridor Pnt 30", "height": null, "use": "Corridor Point", "level": 2.0, "base_heigh": null, "color": null, "names": "Corridor Pnt 30", "block": null }, "geometry": { "type": "Point", "coordinates": [ 36.963004099553068, -0.399141643813499 ] } },
    { "type": "Feature", "properties": { "fid": 294.0, "Name": "Corridor Pnt 31", "height": null, "use": "Corridor Point", "level": 2.0, "base_heigh": null, "color": null, "names": "Corridor Pnt 31", "block": null }, "geometry": { "type": "Point", "coordinates": [ 36.963002989620819, -0.399115937657843 ] } },
    { "type": "Feature", "properties": { "fid": 295.0, "Name": "Corridor Pnt 32", "height": null, "use": "Corridor Point", "level": 2.0, "base_heigh": null, "color": null, "names": "Corridor Pnt 32", "block": null }, "geometry": { "type": "Point", "coordinates": [ 36.963003277033877, -0.399082014397639 ] } },
    { "type": "Feature", "properties": { "fid": 296.0, "Name": "Corridor Pnt 33", "height": null, "use": "Corridor Point", "level": 2.0, "base_heigh": null, "color": null, "names": "Corridor Pnt 33", "block": null }, "geometry": { "type": "Point", "coordinates": [ 36.963004399445452, -0.39905701114515 ] } },
    { "type": "Feature", "properties": { "fid": 297.0, "Name": "Corridor Pnt 34", "height": null, "use": "Corridor Point", "level": 2.0, "base_heigh": null, "color": null, "names": "Corridor Pnt 34", "block": null }, "geometry": { "type": "Point", "coordinates": [ 36.963004687220177, -0.399021612957544 ] } },
    { "type": "Feature", "properties": { "fid": 298.0, "Name": "Corridor Pnt 35", "height": null, "use": "Corridor Point", "level": 2.0, "base_heigh": null, "color": null, "names": "Corridor Pnt 35", "block": null }, "geometry": { "type": "Point", "coordinates": [ 36.963003438358484, -0.398993448554832 ] } },
    { "type": "Feature", "properties": { "fid": 299.0, "Name": "Corridor Pnt 36", "height": null, "use": "Corridor Point", "level": 2.0, "base_heigh": null, "color": null, "names": "Corridor Pnt 36", "block": null }, "geometry": { "type": "Point", "coordinates": [ 36.963002330030811, -0.398961210578002 ] } },
    { "type": "Feature", "properties": { "fid": 300.0, "Name": "Corridor Pnt 37", "height": null, "use": "Corridor Point", "level": 2.0, "base_heigh": null, "color": null, "names": "Corridor Pnt 37", "block": null }, "geometry": { "type": "Point", "coordinates": [ 36.963038224174788, -0.398963467035812 ] } },
    { "type": "Feature", "properties": { "fid": 301.0, "Name": "Corridor Pnt 38", "height": null, "use": "Corridor Point", "level": 2.0, "base_heigh": null, "color": null, "names": "Corridor Pnt 38", "block": null }, "geometry": { "type": "Point", "coordinates": [ 36.962979586431068, -0.398960502561014 ] } },
    { "type": "Feature", "properties": { "fid": 302.0, "Name": "Corridor Pnt 39", "height": null, "use": "Corridor Point", "level": 2.0, "base_heigh": null, "color": null, "names": "Corridor Pnt 39", "block": null }, "geometry": { "type": "Point", "coordinates": [ 36.963027166408793, -0.39896276193243 ] } },
    { "type": "Feature", "properties": { "fid": 303.0, "Name": "Corridor Pnt 40", "height": null, "use": "Corridor Point", "level": 2.0, "base_heigh": null, "color": null, "names": "Corridor Pnt 40", "block": null }, "geometry": { "type": "Point", "coordinates": [ 36.962961517165176, -0.398959795709432 ] } },
    { "type": "Feature", "properties": { "fid": 304.0, "Name": "Corridor Pnt 41", "height": null, "use": "Corridor Point", "level": 2.0, "base_heigh": null, "color": null, "names": "Corridor Pnt 41", "block": null }, "geometry": { "type": "Point", "coordinates": [ 36.962941285320966, -0.39895838597225 ] } },
    { "type": "Feature", "properties": { "fid": 305.0, "Name": "Corridor Pnt 42", "height": null, "use": "Corridor Point", "level": 2.0, "base_heigh": null, "color": null, "names": "Corridor Pnt 42", "block": null }, "geometry": { "type": "Point", "coordinates": [ 36.962919937045505, -0.39895767830306 ] } },
    { "type": "Feature", "properties": { "fid": 306.0, "Name": "Corridor Pnt 43", "height": null, "use": "Corridor Point", "level": 2.0, "base_heigh": null, "color": null, "names": "Corridor Pnt 43", "block": null }, "geometry": { "type": "Point", "coordinates": [ 36.962889763419049, -0.398956687494831 ] } },
    { "type": "Feature", "properties": { "fid": 307.0, "Name": "Corridor Pnt 44", "height": null, "use": "Corridor Point", "level": 2.0, "base_heigh": null, "color": null, "names": "Corridor Pnt 44", "block": null }, "geometry": { "type": "Point", "coordinates": [ 36.962860845756992, -0.398954994653313 ] } },
    { "type": "Feature", "properties": { "fid": 308.0, "Name": "Corridor Pnt 45", "height": null, "use": "Corridor Point", "level": 2.0, "base_heigh": null, "color": null, "names": "Corridor Pnt 45", "block": null }, "geometry": { "type": "Point", "coordinates": [ 36.962833986110972, -0.398953653498082 ] } },
    { "type": "Feature", "properties": { "fid": 309.0, "Name": "Corridor Pnt 46", "height": null, "use": "Corridor Point", "level": 2.0, "base_heigh": null, "color": null, "names": "Corridor Pnt 46", "block": null }, "geometry": { "type": "Point", "coordinates": [ 36.962801719570322, -0.398952381229263 ] } },
    { "type": "Feature", "properties": { "fid": 310.0, "Name": "Corridor Pnt 47", "height": null, "use": "Corridor Point", "level": 2.0, "base_heigh": null, "color": null, "names": "Corridor Pnt 47", "block": null }, "geometry": { "type": "Point", "coordinates": [ 36.962771127591068, -0.398950407031611 ] } },
    { "type": "Feature", "properties": { "fid": 311.0, "Name": "Corridor Pnt 48", "height": null, "use": "Corridor Point", "level": 2.0, "base_heigh": null, "color": null, "names": "Corridor Pnt 48", "block": null }, "geometry": { "type": "Point", "coordinates": [ 36.962744895963006, -0.398948574390419 ] } },
    { "type": "Feature", "properties": { "fid": 312.0, "Name": "Corridor Pnt 49", "height": null, "use": "Corridor Point", "level": 2.0, "base_heigh": null, "color": null, "names": "Corridor Pnt 49", "block": null }, "geometry": { "type": "Point", "coordinates": [ 36.962716501584374, -0.398946741209919 ] } },
    { "type": "Feature", "properties": { "fid": 313.0, "Name": "Corridor Pnt 50", "height": null, "use": "Corridor Point", "level": 2.0, "base_heigh": null, "color": null, "names": "Corridor Pnt 50", "block": null }, "geometry": { "type": "Point", "coordinates": [ 36.962690758320342, -0.398944908690449 ] } },
    { "type": "Feature", "properties": { "fid": 314.0, "Name": "Corridor Pnt 51", "height": null, "use": "Corridor Point", "level": 2.0, "base_heigh": null, "color": null, "names": "Corridor Pnt 51", "block": null }, "geometry": { "type": "Point", "coordinates": [ 36.962659503737548, -0.39894223198115 ] } }
    ]
}